{
    "@schema": "https://raw.githubusercontent.com/slicer/slicer/master/Modules/Loadable/Markups/Resources/Schema/markups-schema-v1.0.3.json#",
    "markups": [
        {
            "type": "Fiducial",
            "coordinateSystem": "LPS",
            "coordinateUnits": "mm",
            "locked": true,
            "fixedNumberOfControlPoints": false,
            "labelFormat": "%N-%d",
            "lastUsedControlPointNumber": 142,
            "controlPoints": [
                {
                    "id": "2",
                    "label": "mergedGridMarkupsNode-2",
                    "description": "Semi",
                    "associatedNodeID": "",
                    "position": [138.13119506835938, 285.22125244140625, 259.9376220703125],
                    "orientation": [-1.0, -0.0, -0.0, -0.0, -1.0, -0.0, 0.0, 0.0, 1.0],
                    "selected": true,
                    "locked": false,
                    "visibility": true,
                    "positionStatus": "defined"
                },
                {
                    "id": "3",
                    "label": "mergedGridMarkupsNode-3",
                    "description": "Semi",
                    "associatedNodeID": "",
                    "position": [119.93597412109375, 295.14984130859375, 243.7164306640625],
                    "orientation": [-1.0, -0.0, -0.0, -0.0, -1.0, -0.0, 0.0, 0.0, 1.0],
                    "selected": true,
                    "locked": false,
                    "visibility": true,
                    "positionStatus": "defined"
                },
                {
                    "id": "4",
                    "label": "mergedGridMarkupsNode-4",
                    "description": "Semi",
                    "associatedNodeID": "",
                    "position": [102.69441986083984, 303.9739685058594, 227.19154357910156],
                    "orientation": [-1.0, -0.0, -0.0, -0.0, -1.0, -0.0, 0.0, 0.0, 1.0],
                    "selected": true,
                    "locked": false,
                    "visibility": true,
                    "positionStatus": "defined"
                },
                {
                    "id": "5",
                    "label": "mergedGridMarkupsNode-5",
                    "description": "Semi",
                    "associatedNodeID": "",
                    "position": [85.06436157226563, 310.2563171386719, 209.78831481933594],
                    "orientation": [-1.0, -0.0, -0.0, -0.0, -1.0, -0.0, 0.0, 0.0, 1.0],
                    "selected": true,
                    "locked": false,
                    "visibility": true,
                    "positionStatus": "defined"
                },
                {
                    "id": "6",
                    "label": "mergedGridMarkupsNode-6",
                    "description": "Semi",
                    "associatedNodeID": "",
                    "position": [69.39402770996094, 313.0125427246094, 188.11419677734375],
                    "orientation": [-1.0, -0.0, -0.0, -0.0, -1.0, -0.0, 0.0, 0.0, 1.0],
                    "selected": true,
                    "locked": false,
                    "visibility": true,
                    "positionStatus": "defined"
                },
                {
                    "id": "8",
                    "label": "mergedGridMarkupsNode-8",
                    "description": "Semi",
                    "associatedNodeID": "",
                    "position": [146.09214782714844, 267.413818359375, 271.60626220703125],
                    "orientation": [-1.0, -0.0, -0.0, -0.0, -1.0, -0.0, 0.0, 0.0, 1.0],
                    "selected": true,
                    "locked": false,
                    "visibility": true,
                    "positionStatus": "defined"
                },
                {
                    "id": "9",
                    "label": "mergedGridMarkupsNode-9",
                    "description": "Semi",
                    "associatedNodeID": "",
                    "position": [128.1268768310547, 274.4903869628906, 258.115234375],
                    "orientation": [-1.0, -0.0, -0.0, -0.0, -1.0, -0.0, 0.0, 0.0, 1.0],
                    "selected": true,
                    "locked": false,
                    "visibility": true,
                    "positionStatus": "defined"
                },
                {
                    "id": "10",
                    "label": "mergedGridMarkupsNode-10",
                    "description": "Semi",
                    "associatedNodeID": "",
                    "position": [111.03721618652344, 282.0511474609375, 244.53428649902344],
                    "orientation": [-1.0, -0.0, -0.0, -0.0, -1.0, -0.0, 0.0, 0.0, 1.0],
                    "selected": true,
                    "locked": false,
                    "visibility": true,
                    "positionStatus": "defined"
                },
                {
                    "id": "11",
                    "label": "mergedGridMarkupsNode-11",
                    "description": "Semi",
                    "associatedNodeID": "",
                    "position": [93.02171325683594, 290.0681457519531, 229.6954345703125],
                    "orientation": [-1.0, -0.0, -0.0, -0.0, -1.0, -0.0, 0.0, 0.0, 1.0],
                    "selected": true,
                    "locked": false,
                    "visibility": true,
                    "positionStatus": "defined"
                },
                {
                    "id": "12",
                    "label": "mergedGridMarkupsNode-12",
                    "description": "Semi",
                    "associatedNodeID": "",
                    "position": [76.22476959228516, 296.20355224609375, 213.20150756835938],
                    "orientation": [-1.0, -0.0, -0.0, -0.0, -1.0, -0.0, 0.0, 0.0, 1.0],
                    "selected": true,
                    "locked": false,
                    "visibility": true,
                    "positionStatus": "defined"
                },
                {
                    "id": "13",
                    "label": "mergedGridMarkupsNode-13",
                    "description": "Semi",
                    "associatedNodeID": "",
                    "position": [62.04404067993164, 299.0675354003906, 192.9982147216797],
                    "orientation": [-1.0, -0.0, -0.0, -0.0, -1.0, -0.0, 0.0, 0.0, 1.0],
                    "selected": true,
                    "locked": false,
                    "visibility": true,
                    "positionStatus": "defined"
                },
                {
                    "id": "14",
                    "label": "mergedGridMarkupsNode-14",
                    "description": "Semi",
                    "associatedNodeID": "",
                    "position": [49.2270622253418, 301.466796875, 169.8485565185547],
                    "orientation": [-1.0, -0.0, -0.0, -0.0, -1.0, -0.0, 0.0, 0.0, 1.0],
                    "selected": true,
                    "locked": false,
                    "visibility": true,
                    "positionStatus": "defined"
                },
                {
                    "id": "15",
                    "label": "mergedGridMarkupsNode-15",
                    "description": "Semi",
                    "associatedNodeID": "",
                    "position": [134.07269287109375, 259.0809631347656, 267.0459899902344],
                    "orientation": [-1.0, -0.0, -0.0, -0.0, -1.0, -0.0, 0.0, 0.0, 1.0],
                    "selected": true,
                    "locked": false,
                    "visibility": true,
                    "positionStatus": "defined"
                },
                {
                    "id": "16",
                    "label": "mergedGridMarkupsNode-16",
                    "description": "Semi",
                    "associatedNodeID": "",
                    "position": [119.11697387695313, 264.586669921875, 254.77786254882813],
                    "orientation": [-1.0, -0.0, -0.0, -0.0, -1.0, -0.0, 0.0, 0.0, 1.0],
                    "selected": true,
                    "locked": false,
                    "visibility": true,
                    "positionStatus": "defined"
                },
                {
                    "id": "17",
                    "label": "mergedGridMarkupsNode-17",
                    "description": "Semi",
                    "associatedNodeID": "",
                    "position": [102.99046325683594, 269.88189697265625, 242.93557739257813],
                    "orientation": [-1.0, -0.0, -0.0, -0.0, -1.0, -0.0, 0.0, 0.0, 1.0],
                    "selected": true,
                    "locked": false,
                    "visibility": true,
                    "positionStatus": "defined"
                },
                {
                    "id": "18",
                    "label": "mergedGridMarkupsNode-18",
                    "description": "Semi",
                    "associatedNodeID": "",
                    "position": [86.27544403076172, 275.8438720703125, 229.8182373046875],
                    "orientation": [-1.0, -0.0, -0.0, -0.0, -1.0, -0.0, 0.0, 0.0, 1.0],
                    "selected": true,
                    "locked": false,
                    "visibility": true,
                    "positionStatus": "defined"
                },
                {
                    "id": "19",
                    "label": "mergedGridMarkupsNode-19",
                    "description": "Semi",
                    "associatedNodeID": "",
                    "position": [70.12422180175781, 281.13134765625, 214.9364776611328],
                    "orientation": [-1.0, -0.0, -0.0, -0.0, -1.0, -0.0, 0.0, 0.0, 1.0],
                    "selected": true,
                    "locked": false,
                    "visibility": true,
                    "positionStatus": "defined"
                },
                {
                    "id": "20",
                    "label": "mergedGridMarkupsNode-20",
                    "description": "Semi",
                    "associatedNodeID": "",
                    "position": [56.89748764038086, 284.5002136230469, 196.63414001464844],
                    "orientation": [-1.0, -0.0, -0.0, -0.0, -1.0, -0.0, 0.0, 0.0, 1.0],
                    "selected": true,
                    "locked": false,
                    "visibility": true,
                    "positionStatus": "defined"
                },
                {
                    "id": "21",
                    "label": "mergedGridMarkupsNode-21",
                    "description": "Semi",
                    "associatedNodeID": "",
                    "position": [45.01701354980469, 287.5915222167969, 176.75350952148438],
                    "orientation": [-1.0, -0.0, -0.0, -0.0, -1.0, -0.0, 0.0, 0.0, 1.0],
                    "selected": true,
                    "locked": false,
                    "visibility": true,
                    "positionStatus": "defined"
                },
                {
                    "id": "22",
                    "label": "mergedGridMarkupsNode-22",
                    "description": "Semi",
                    "associatedNodeID": "",
                    "position": [123.68611907958984, 250.42861938476563, 261.0378723144531],
                    "orientation": [-1.0, -0.0, -0.0, -0.0, -1.0, -0.0, 0.0, 0.0, 1.0],
                    "selected": true,
                    "locked": false,
                    "visibility": true,
                    "positionStatus": "defined"
                },
                {
                    "id": "23",
                    "label": "mergedGridMarkupsNode-23",
                    "description": "Semi",
                    "associatedNodeID": "",
                    "position": [110.54093170166016, 252.97549438476563, 250.52879333496094],
                    "orientation": [-1.0, -0.0, -0.0, -0.0, -1.0, -0.0, 0.0, 0.0, 1.0],
                    "selected": true,
                    "locked": false,
                    "visibility": true,
                    "positionStatus": "defined"
                },
                {
                    "id": "24",
                    "label": "mergedGridMarkupsNode-24",
                    "description": "Semi",
                    "associatedNodeID": "",
                    "position": [96.18038940429688, 257.4703063964844, 240.10293579101563],
                    "orientation": [-1.0, -0.0, -0.0, -0.0, -1.0, -0.0, 0.0, 0.0, 1.0],
                    "selected": true,
                    "locked": false,
                    "visibility": true,
                    "positionStatus": "defined"
                },
                {
                    "id": "25",
                    "label": "mergedGridMarkupsNode-25",
                    "description": "Semi",
                    "associatedNodeID": "",
                    "position": [80.73454284667969, 261.67230224609375, 228.04400634765625],
                    "orientation": [-1.0, -0.0, -0.0, -0.0, -1.0, -0.0, 0.0, 0.0, 1.0],
                    "selected": true,
                    "locked": false,
                    "visibility": true,
                    "positionStatus": "defined"
                },
                {
                    "id": "26",
                    "label": "mergedGridMarkupsNode-26",
                    "description": "Semi",
                    "associatedNodeID": "",
                    "position": [66.17961120605469, 265.6085205078125, 215.08335876464844],
                    "orientation": [-1.0, -0.0, -0.0, -0.0, -1.0, -0.0, 0.0, 0.0, 1.0],
                    "selected": true,
                    "locked": false,
                    "visibility": true,
                    "positionStatus": "defined"
                },
                {
                    "id": "27",
                    "label": "mergedGridMarkupsNode-27",
                    "description": "Semi",
                    "associatedNodeID": "",
                    "position": [53.93278503417969, 269.27972412109375, 199.61480712890625],
                    "orientation": [-1.0, -0.0, -0.0, -0.0, -1.0, -0.0, 0.0, 0.0, 1.0],
                    "selected": true,
                    "locked": false,
                    "visibility": true,
                    "positionStatus": "defined"
                },
                {
                    "id": "28",
                    "label": "mergedGridMarkupsNode-28",
                    "description": "Semi",
                    "associatedNodeID": "",
                    "position": [42.42615509033203, 271.65093994140625, 181.3766632080078],
                    "orientation": [-1.0, -0.0, -0.0, -0.0, -1.0, -0.0, 0.0, 0.0, 1.0],
                    "selected": true,
                    "locked": false,
                    "visibility": true,
                    "positionStatus": "defined"
                },
                {
                    "id": "29",
                    "label": "mergedGridMarkupsNode-29",
                    "description": "Semi",
                    "associatedNodeID": "",
                    "position": [114.17345428466797, 243.1768035888672, 254.23350524902344],
                    "orientation": [-1.0, -0.0, -0.0, -0.0, -1.0, -0.0, 0.0, 0.0, 1.0],
                    "selected": true,
                    "locked": false,
                    "visibility": true,
                    "positionStatus": "defined"
                },
                {
                    "id": "30",
                    "label": "mergedGridMarkupsNode-30",
                    "description": "Semi",
                    "associatedNodeID": "",
                    "position": [103.9473648071289, 243.40200805664063, 244.35536193847656],
                    "orientation": [-1.0, -0.0, -0.0, -0.0, -1.0, -0.0, 0.0, 0.0, 1.0],
                    "selected": true,
                    "locked": false,
                    "visibility": true,
                    "positionStatus": "defined"
                },
                {
                    "id": "31",
                    "label": "mergedGridMarkupsNode-31",
                    "description": "Semi",
                    "associatedNodeID": "",
                    "position": [90.05926513671875, 245.20260620117188, 235.95465087890625],
                    "orientation": [-1.0, -0.0, -0.0, -0.0, -1.0, -0.0, 0.0, 0.0, 1.0],
                    "selected": true,
                    "locked": false,
                    "visibility": true,
                    "positionStatus": "defined"
                },
                {
                    "id": "32",
                    "label": "mergedGridMarkupsNode-32",
                    "description": "Semi",
                    "associatedNodeID": "",
                    "position": [76.68128204345703, 248.11483764648438, 225.1979217529297],
                    "orientation": [-1.0, -0.0, -0.0, -0.0, -1.0, -0.0, 0.0, 0.0, 1.0],
                    "selected": true,
                    "locked": false,
                    "visibility": true,
                    "positionStatus": "defined"
                },
                {
                    "id": "33",
                    "label": "mergedGridMarkupsNode-33",
                    "description": "Semi",
                    "associatedNodeID": "",
                    "position": [64.05422973632813, 250.90487670898438, 214.66952514648438],
                    "orientation": [-1.0, -0.0, -0.0, -0.0, -1.0, -0.0, 0.0, 0.0, 1.0],
                    "selected": true,
                    "locked": false,
                    "visibility": true,
                    "positionStatus": "defined"
                },
                {
                    "id": "34",
                    "label": "mergedGridMarkupsNode-34",
                    "description": "Semi",
                    "associatedNodeID": "",
                    "position": [52.63747024536133, 253.41336059570313, 201.77674865722656],
                    "orientation": [-1.0, -0.0, -0.0, -0.0, -1.0, -0.0, 0.0, 0.0, 1.0],
                    "selected": true,
                    "locked": false,
                    "visibility": true,
                    "positionStatus": "defined"
                },
                {
                    "id": "35",
                    "label": "mergedGridMarkupsNode-35",
                    "description": "Semi",
                    "associatedNodeID": "",
                    "position": [41.83806610107422, 255.22744750976563, 185.2671356201172],
                    "orientation": [-1.0, -0.0, -0.0, -0.0, -1.0, -0.0, 0.0, 0.0, 1.0],
                    "selected": true,
                    "locked": false,
                    "visibility": true,
                    "positionStatus": "defined"
                },
                {
                    "id": "36",
                    "label": "mergedGridMarkupsNode-36",
                    "description": "Semi",
                    "associatedNodeID": "",
                    "position": [106.29350280761719, 231.65158081054688, 246.84332275390625],
                    "orientation": [-1.0, -0.0, -0.0, -0.0, -1.0, -0.0, 0.0, 0.0, 1.0],
                    "selected": true,
                    "locked": false,
                    "visibility": true,
                    "positionStatus": "defined"
                },
                {
                    "id": "37",
                    "label": "mergedGridMarkupsNode-37",
                    "description": "Semi",
                    "associatedNodeID": "",
                    "position": [96.6075439453125, 232.5077667236328, 238.8324737548828],
                    "orientation": [-1.0, -0.0, -0.0, -0.0, -1.0, -0.0, 0.0, 0.0, 1.0],
                    "selected": true,
                    "locked": false,
                    "visibility": true,
                    "positionStatus": "defined"
                },
                {
                    "id": "38",
                    "label": "mergedGridMarkupsNode-38",
                    "description": "Semi",
                    "associatedNodeID": "",
                    "position": [84.94184875488281, 234.0540771484375, 230.8529510498047],
                    "orientation": [-1.0, -0.0, -0.0, -0.0, -1.0, -0.0, 0.0, 0.0, 1.0],
                    "selected": true,
                    "locked": false,
                    "visibility": true,
                    "positionStatus": "defined"
                },
                {
                    "id": "39",
                    "label": "mergedGridMarkupsNode-39",
                    "description": "Semi",
                    "associatedNodeID": "",
                    "position": [73.85235595703125, 235.6303253173828, 222.29261779785156],
                    "orientation": [-1.0, -0.0, -0.0, -0.0, -1.0, -0.0, 0.0, 0.0, 1.0],
                    "selected": true,
                    "locked": false,
                    "visibility": true,
                    "positionStatus": "defined"
                },
                {
                    "id": "40",
                    "label": "mergedGridMarkupsNode-40",
                    "description": "Semi",
                    "associatedNodeID": "",
                    "position": [62.80849075317383, 237.2567901611328, 212.73971557617188],
                    "orientation": [-1.0, -0.0, -0.0, -0.0, -1.0, -0.0, 0.0, 0.0, 1.0],
                    "selected": true,
                    "locked": false,
                    "visibility": true,
                    "positionStatus": "defined"
                },
                {
                    "id": "41",
                    "label": "mergedGridMarkupsNode-41",
                    "description": "Semi",
                    "associatedNodeID": "",
                    "position": [52.761512756347656, 238.23922729492188, 201.98716735839844],
                    "orientation": [-1.0, -0.0, -0.0, -0.0, -1.0, -0.0, 0.0, 0.0, 1.0],
                    "selected": true,
                    "locked": false,
                    "visibility": true,
                    "positionStatus": "defined"
                },
                {
                    "id": "42",
                    "label": "mergedGridMarkupsNode-42",
                    "description": "Semi",
                    "associatedNodeID": "",
                    "position": [45.71517562866211, 238.79000854492188, 187.9876708984375],
                    "orientation": [-1.0, -0.0, -0.0, -0.0, -1.0, -0.0, 0.0, 0.0, 1.0],
                    "selected": true,
                    "locked": false,
                    "visibility": true,
                    "positionStatus": "defined"
                },
                {
                    "id": "44",
                    "label": "mergedGridMarkupsNode-44",
                    "description": "Semi",
                    "associatedNodeID": "",
                    "position": [90.65465545654297, 222.2786407470703, 232.89627075195313],
                    "orientation": [-1.0, -0.0, -0.0, -0.0, -1.0, -0.0, 0.0, 0.0, 1.0],
                    "selected": true,
                    "locked": false,
                    "visibility": true,
                    "positionStatus": "defined"
                },
                {
                    "id": "45",
                    "label": "mergedGridMarkupsNode-45",
                    "description": "Semi",
                    "associatedNodeID": "",
                    "position": [81.96145629882813, 222.0611114501953, 225.2222900390625],
                    "orientation": [-1.0, -0.0, -0.0, -0.0, -1.0, -0.0, 0.0, 0.0, 1.0],
                    "selected": true,
                    "locked": false,
                    "visibility": true,
                    "positionStatus": "defined"
                },
                {
                    "id": "46",
                    "label": "mergedGridMarkupsNode-46",
                    "description": "Semi",
                    "associatedNodeID": "",
                    "position": [71.65131378173828, 222.49026489257813, 216.758056640625],
                    "orientation": [-1.0, -0.0, -0.0, -0.0, -1.0, -0.0, 0.0, 0.0, 1.0],
                    "selected": true,
                    "locked": false,
                    "visibility": true,
                    "positionStatus": "defined"
                },
                {
                    "id": "47",
                    "label": "mergedGridMarkupsNode-47",
                    "description": "Semi",
                    "associatedNodeID": "",
                    "position": [62.92936325073242, 222.6836700439453, 209.36065673828125],
                    "orientation": [-1.0, -0.0, -0.0, -0.0, -1.0, -0.0, 0.0, 0.0, 1.0],
                    "selected": true,
                    "locked": false,
                    "visibility": true,
                    "positionStatus": "defined"
                },
                {
                    "id": "48",
                    "label": "mergedGridMarkupsNode-48",
                    "description": "Semi",
                    "associatedNodeID": "",
                    "position": [55.00779724121094, 223.98634338378906, 200.53787231445313],
                    "orientation": [-1.0, -0.0, -0.0, -0.0, -1.0, -0.0, 0.0, 0.0, 1.0],
                    "selected": true,
                    "locked": false,
                    "visibility": true,
                    "positionStatus": "defined"
                },
                {
                    "id": "50",
                    "label": "mergedGridMarkupsNode-50",
                    "description": "Semi",
                    "associatedNodeID": "",
                    "position": [108.5891342163086, 214.1206817626953, 245.74459838867188],
                    "orientation": [-1.0, -0.0, -0.0, -0.0, -1.0, -0.0, 0.0, 0.0, 1.0],
                    "selected": true,
                    "locked": false,
                    "visibility": true,
                    "positionStatus": "defined"
                },
                {
                    "id": "51",
                    "label": "mergedGridMarkupsNode-51",
                    "description": "Semi",
                    "associatedNodeID": "",
                    "position": [97.63728332519531, 211.1153564453125, 236.55931091308594],
                    "orientation": [-1.0, -0.0, -0.0, -0.0, -1.0, -0.0, 0.0, 0.0, 1.0],
                    "selected": true,
                    "locked": false,
                    "visibility": true,
                    "positionStatus": "defined"
                },
                {
                    "id": "52",
                    "label": "mergedGridMarkupsNode-52",
                    "description": "Semi",
                    "associatedNodeID": "",
                    "position": [86.84783935546875, 210.5887451171875, 228.22479248046875],
                    "orientation": [-1.0, -0.0, -0.0, -0.0, -1.0, -0.0, 0.0, 0.0, 1.0],
                    "selected": true,
                    "locked": false,
                    "visibility": true,
                    "positionStatus": "defined"
                },
                {
                    "id": "53",
                    "label": "mergedGridMarkupsNode-53",
                    "description": "Semi",
                    "associatedNodeID": "",
                    "position": [76.05815124511719, 208.66456604003906, 218.93524169921875],
                    "orientation": [-1.0, -0.0, -0.0, -0.0, -1.0, -0.0, 0.0, 0.0, 1.0],
                    "selected": true,
                    "locked": false,
                    "visibility": true,
                    "positionStatus": "defined"
                },
                {
                    "id": "54",
                    "label": "mergedGridMarkupsNode-54",
                    "description": "Semi",
                    "associatedNodeID": "",
                    "position": [65.7319107055664, 207.23672485351563, 209.58935546875],
                    "orientation": [-1.0, -0.0, -0.0, -0.0, -1.0, -0.0, 0.0, 0.0, 1.0],
                    "selected": true,
                    "locked": false,
                    "visibility": true,
                    "positionStatus": "defined"
                },
                {
                    "id": "55",
                    "label": "mergedGridMarkupsNode-55",
                    "description": "Semi",
                    "associatedNodeID": "",
                    "position": [56.08356857299805, 206.90908813476563, 198.29603576660156],
                    "orientation": [-1.0, -0.0, -0.0, -0.0, -1.0, -0.0, 0.0, 0.0, 1.0],
                    "selected": true,
                    "locked": false,
                    "visibility": true,
                    "positionStatus": "defined"
                },
                {
                    "id": "56",
                    "label": "mergedGridMarkupsNode-56",
                    "description": "Semi",
                    "associatedNodeID": "",
                    "position": [48.333106994628906, 207.0956573486328, 184.62074279785156],
                    "orientation": [-1.0, -0.0, -0.0, -0.0, -1.0, -0.0, 0.0, 0.0, 1.0],
                    "selected": true,
                    "locked": false,
                    "visibility": true,
                    "positionStatus": "defined"
                },
                {
                    "id": "57",
                    "label": "mergedGridMarkupsNode-57",
                    "description": "Semi",
                    "associatedNodeID": "",
                    "position": [117.5963134765625, 202.84457397460938, 250.21463012695313],
                    "orientation": [-1.0, -0.0, -0.0, -0.0, -1.0, -0.0, 0.0, 0.0, 1.0],
                    "selected": true,
                    "locked": false,
                    "visibility": true,
                    "positionStatus": "defined"
                },
                {
                    "id": "58",
                    "label": "mergedGridMarkupsNode-58",
                    "description": "Semi",
                    "associatedNodeID": "",
                    "position": [106.95736694335938, 202.88021850585938, 240.66912841796875],
                    "orientation": [-1.0, -0.0, -0.0, -0.0, -1.0, -0.0, 0.0, 0.0, 1.0],
                    "selected": true,
                    "locked": false,
                    "visibility": true,
                    "positionStatus": "defined"
                },
                {
                    "id": "59",
                    "label": "mergedGridMarkupsNode-59",
                    "description": "Semi",
                    "associatedNodeID": "",
                    "position": [93.77373504638672, 199.18045043945313, 230.6033935546875],
                    "orientation": [-1.0, -0.0, -0.0, -0.0, -1.0, -0.0, 0.0, 0.0, 1.0],
                    "selected": true,
                    "locked": false,
                    "visibility": true,
                    "positionStatus": "defined"
                },
                {
                    "id": "60",
                    "label": "mergedGridMarkupsNode-60",
                    "description": "Semi",
                    "associatedNodeID": "",
                    "position": [80.92463684082031, 196.47933959960938, 219.46661376953125],
                    "orientation": [-1.0, -0.0, -0.0, -0.0, -1.0, -0.0, 0.0, 0.0, 1.0],
                    "selected": true,
                    "locked": false,
                    "visibility": true,
                    "positionStatus": "defined"
                },
                {
                    "id": "61",
                    "label": "mergedGridMarkupsNode-61",
                    "description": "Semi",
                    "associatedNodeID": "",
                    "position": [68.72836303710938, 194.1743927001953, 208.408203125],
                    "orientation": [-1.0, -0.0, -0.0, -0.0, -1.0, -0.0, 0.0, 0.0, 1.0],
                    "selected": true,
                    "locked": false,
                    "visibility": true,
                    "positionStatus": "defined"
                },
                {
                    "id": "62",
                    "label": "mergedGridMarkupsNode-62",
                    "description": "Semi",
                    "associatedNodeID": "",
                    "position": [57.711544036865234, 192.5827178955078, 194.36524963378906],
                    "orientation": [-1.0, -0.0, -0.0, -0.0, -1.0, -0.0, 0.0, 0.0, 1.0],
                    "selected": true,
                    "locked": false,
                    "visibility": true,
                    "positionStatus": "defined"
                },
                {
                    "id": "63",
                    "label": "mergedGridMarkupsNode-63",
                    "description": "Semi",
                    "associatedNodeID": "",
                    "position": [47.926475524902344, 192.98553466796875, 177.6501007080078],
                    "orientation": [-1.0, -0.0, -0.0, -0.0, -1.0, -0.0, 0.0, 0.0, 1.0],
                    "selected": true,
                    "locked": false,
                    "visibility": true,
                    "positionStatus": "defined"
                },
                {
                    "id": "64",
                    "label": "mergedGridMarkupsNode-64",
                    "description": "Semi",
                    "associatedNodeID": "",
                    "position": [127.88069152832031, 194.93724060058594, 255.3581085205078],
                    "orientation": [-1.0, -0.0, -0.0, -0.0, -1.0, -0.0, 0.0, 0.0, 1.0],
                    "selected": true,
                    "locked": false,
                    "visibility": true,
                    "positionStatus": "defined"
                },
                {
                    "id": "65",
                    "label": "mergedGridMarkupsNode-65",
                    "description": "Semi",
                    "associatedNodeID": "",
                    "position": [114.96466827392578, 192.242431640625, 244.2294464111328],
                    "orientation": [-1.0, -0.0, -0.0, -0.0, -1.0, -0.0, 0.0, 0.0, 1.0],
                    "selected": true,
                    "locked": false,
                    "visibility": true,
                    "positionStatus": "defined"
                },
                {
                    "id": "66",
                    "label": "mergedGridMarkupsNode-66",
                    "description": "Semi",
                    "associatedNodeID": "",
                    "position": [101.27425384521484, 187.59158325195313, 232.1141815185547],
                    "orientation": [-1.0, -0.0, -0.0, -0.0, -1.0, -0.0, 0.0, 0.0, 1.0],
                    "selected": true,
                    "locked": false,
                    "visibility": true,
                    "positionStatus": "defined"
                },
                {
                    "id": "67",
                    "label": "mergedGridMarkupsNode-67",
                    "description": "Semi",
                    "associatedNodeID": "",
                    "position": [87.04486083984375, 183.63351440429688, 219.66307067871094],
                    "orientation": [-1.0, -0.0, -0.0, -0.0, -1.0, -0.0, 0.0, 0.0, 1.0],
                    "selected": true,
                    "locked": false,
                    "visibility": true,
                    "positionStatus": "defined"
                },
                {
                    "id": "68",
                    "label": "mergedGridMarkupsNode-68",
                    "description": "Semi",
                    "associatedNodeID": "",
                    "position": [73.2970962524414, 180.44052124023438, 205.97679138183594],
                    "orientation": [-1.0, -0.0, -0.0, -0.0, -1.0, -0.0, 0.0, 0.0, 1.0],
                    "selected": true,
                    "locked": false,
                    "visibility": true,
                    "positionStatus": "defined"
                },
                {
                    "id": "69",
                    "label": "mergedGridMarkupsNode-69",
                    "description": "Semi",
                    "associatedNodeID": "",
                    "position": [61.09548568725586, 178.12063598632813, 189.1227569580078],
                    "orientation": [-1.0, -0.0, -0.0, -0.0, -1.0, -0.0, 0.0, 0.0, 1.0],
                    "selected": true,
                    "locked": false,
                    "visibility": true,
                    "positionStatus": "defined"
                },
                {
                    "id": "70",
                    "label": "mergedGridMarkupsNode-70",
                    "description": "Semi",
                    "associatedNodeID": "",
                    "position": [51.56240463256836, 178.37850952148438, 169.91102600097656],
                    "orientation": [-1.0, -0.0, -0.0, -0.0, -1.0, -0.0, 0.0, 0.0, 1.0],
                    "selected": true,
                    "locked": false,
                    "visibility": true,
                    "positionStatus": "defined"
                },
                {
                    "id": "71",
                    "label": "mergedGridMarkupsNode-71",
                    "description": "Semi",
                    "associatedNodeID": "",
                    "position": [138.75364685058594, 186.37681579589844, 259.109375],
                    "orientation": [-1.0, -0.0, -0.0, -0.0, -1.0, -0.0, 0.0, 0.0, 1.0],
                    "selected": true,
                    "locked": false,
                    "visibility": true,
                    "positionStatus": "defined"
                },
                {
                    "id": "72",
                    "label": "mergedGridMarkupsNode-72",
                    "description": "Semi",
                    "associatedNodeID": "",
                    "position": [124.77913665771484, 181.4822540283203, 246.46722412109375],
                    "orientation": [-1.0, -0.0, -0.0, -0.0, -1.0, -0.0, 0.0, 0.0, 1.0],
                    "selected": true,
                    "locked": false,
                    "visibility": true,
                    "positionStatus": "defined"
                },
                {
                    "id": "73",
                    "label": "mergedGridMarkupsNode-73",
                    "description": "Semi",
                    "associatedNodeID": "",
                    "position": [109.50684356689453, 175.98184204101563, 232.9697723388672],
                    "orientation": [-1.0, -0.0, -0.0, -0.0, -1.0, -0.0, 0.0, 0.0, 1.0],
                    "selected": true,
                    "locked": false,
                    "visibility": true,
                    "positionStatus": "defined"
                },
                {
                    "id": "74",
                    "label": "mergedGridMarkupsNode-74",
                    "description": "Semi",
                    "associatedNodeID": "",
                    "position": [93.99467468261719, 170.7639923095703, 218.4024200439453],
                    "orientation": [-1.0, -0.0, -0.0, -0.0, -1.0, -0.0, 0.0, 0.0, 1.0],
                    "selected": true,
                    "locked": false,
                    "visibility": true,
                    "positionStatus": "defined"
                },
                {
                    "id": "75",
                    "label": "mergedGridMarkupsNode-75",
                    "description": "Semi",
                    "associatedNodeID": "",
                    "position": [79.33441925048828, 166.26873779296875, 202.20901489257813],
                    "orientation": [-1.0, -0.0, -0.0, -0.0, -1.0, -0.0, 0.0, 0.0, 1.0],
                    "selected": true,
                    "locked": false,
                    "visibility": true,
                    "positionStatus": "defined"
                },
                {
                    "id": "76",
                    "label": "mergedGridMarkupsNode-76",
                    "description": "Semi",
                    "associatedNodeID": "",
                    "position": [66.93549346923828, 164.4185791015625, 183.00897216796875],
                    "orientation": [-1.0, -0.0, -0.0, -0.0, -1.0, -0.0, 0.0, 0.0, 1.0],
                    "selected": true,
                    "locked": false,
                    "visibility": true,
                    "positionStatus": "defined"
                },
                {
                    "id": "77",
                    "label": "mergedGridMarkupsNode-77",
                    "description": "Semi",
                    "associatedNodeID": "",
                    "position": [57.29743194580078, 165.30630493164063, 162.82894897460938],
                    "orientation": [-1.0, -0.0, -0.0, -0.0, -1.0, -0.0, 0.0, 0.0, 1.0],
                    "selected": true,
                    "locked": false,
                    "visibility": true,
                    "positionStatus": "defined"
                },
                {
                    "id": "78",
                    "label": "mergedGridMarkupsNode-78",
                    "description": "Semi",
                    "associatedNodeID": "",
                    "position": [151.49481201171875, 178.4912109375, 262.2644958496094],
                    "orientation": [-1.0, -0.0, -0.0, -0.0, -1.0, -0.0, 0.0, 0.0, 1.0],
                    "selected": true,
                    "locked": false,
                    "visibility": true,
                    "positionStatus": "defined"
                },
                {
                    "id": "79",
                    "label": "mergedGridMarkupsNode-79",
                    "description": "Semi",
                    "associatedNodeID": "",
                    "position": [134.52774047851563, 172.8697509765625, 247.65501403808594],
                    "orientation": [-1.0, -0.0, -0.0, -0.0, -1.0, -0.0, 0.0, 0.0, 1.0],
                    "selected": true,
                    "locked": false,
                    "visibility": true,
                    "positionStatus": "defined"
                },
                {
                    "id": "80",
                    "label": "mergedGridMarkupsNode-80",
                    "description": "Semi",
                    "associatedNodeID": "",
                    "position": [119.3359375, 165.24676513671875, 232.15963745117188],
                    "orientation": [-1.0, -0.0, -0.0, -0.0, -1.0, -0.0, 0.0, 0.0, 1.0],
                    "selected": true,
                    "locked": false,
                    "visibility": true,
                    "positionStatus": "defined"
                },
                {
                    "id": "81",
                    "label": "mergedGridMarkupsNode-81",
                    "description": "Semi",
                    "associatedNodeID": "",
                    "position": [102.89009094238281, 158.76409912109375, 215.7631378173828],
                    "orientation": [-1.0, -0.0, -0.0, -0.0, -1.0, -0.0, 0.0, 0.0, 1.0],
                    "selected": true,
                    "locked": false,
                    "visibility": true,
                    "positionStatus": "defined"
                },
                {
                    "id": "82",
                    "label": "mergedGridMarkupsNode-82",
                    "description": "Semi",
                    "associatedNodeID": "",
                    "position": [87.49491882324219, 153.6954803466797, 196.7372283935547],
                    "orientation": [-1.0, -0.0, -0.0, -0.0, -1.0, -0.0, 0.0, 0.0, 1.0],
                    "selected": true,
                    "locked": false,
                    "visibility": true,
                    "positionStatus": "defined"
                },
                {
                    "id": "83",
                    "label": "mergedGridMarkupsNode-83",
                    "description": "Semi",
                    "associatedNodeID": "",
                    "position": [74.10002899169922, 151.53564453125, 176.01962280273438],
                    "orientation": [-1.0, -0.0, -0.0, -0.0, -1.0, -0.0, 0.0, 0.0, 1.0],
                    "selected": true,
                    "locked": false,
                    "visibility": true,
                    "positionStatus": "defined"
                },
                {
                    "id": "84",
                    "label": "mergedGridMarkupsNode-84",
                    "description": "Semi",
                    "associatedNodeID": "",
                    "position": [64.13563537597656, 153.59754943847656, 154.68934631347656],
                    "orientation": [-1.0, -0.0, -0.0, -0.0, -1.0, -0.0, 0.0, 0.0, 1.0],
                    "selected": true,
                    "locked": false,
                    "visibility": true,
                    "positionStatus": "defined"
                },
                {
                    "id": "86",
                    "label": "mergedGridMarkupsNode-86",
                    "description": "Semi",
                    "associatedNodeID": "",
                    "position": [146.507568359375, 163.34329223632813, 248.45376586914063],
                    "orientation": [-1.0, -0.0, -0.0, -0.0, -1.0, -0.0, 0.0, 0.0, 1.0],
                    "selected": true,
                    "locked": false,
                    "visibility": true,
                    "positionStatus": "defined"
                },
                {
                    "id": "87",
                    "label": "mergedGridMarkupsNode-87",
                    "description": "Semi",
                    "associatedNodeID": "",
                    "position": [129.16294860839844, 155.1780548095703, 229.63568115234375],
                    "orientation": [-1.0, -0.0, -0.0, -0.0, -1.0, -0.0, 0.0, 0.0, 1.0],
                    "selected": true,
                    "locked": false,
                    "visibility": true,
                    "positionStatus": "defined"
                },
                {
                    "id": "88",
                    "label": "mergedGridMarkupsNode-88",
                    "description": "Semi",
                    "associatedNodeID": "",
                    "position": [114.00686645507813, 147.61717224121094, 211.1792449951172],
                    "orientation": [-1.0, -0.0, -0.0, -0.0, -1.0, -0.0, 0.0, 0.0, 1.0],
                    "selected": true,
                    "locked": false,
                    "visibility": true,
                    "positionStatus": "defined"
                },
                {
                    "id": "89",
                    "label": "mergedGridMarkupsNode-89",
                    "description": "Semi",
                    "associatedNodeID": "",
                    "position": [97.48480224609375, 142.40406799316406, 190.5526885986328],
                    "orientation": [-1.0, -0.0, -0.0, -0.0, -1.0, -0.0, 0.0, 0.0, 1.0],
                    "selected": true,
                    "locked": false,
                    "visibility": true,
                    "positionStatus": "defined"
                },
                {
                    "id": "90",
                    "label": "mergedGridMarkupsNode-90",
                    "description": "Semi",
                    "associatedNodeID": "",
                    "position": [82.67576599121094, 140.61048889160156, 167.6088409423828],
                    "orientation": [-1.0, -0.0, -0.0, -0.0, -1.0, -0.0, 0.0, 0.0, 1.0],
                    "selected": true,
                    "locked": false,
                    "visibility": true,
                    "positionStatus": "defined"
                },
                {
                    "id": "92",
                    "label": "mergedGridMarkupsNode-92",
                    "description": "Fixed",
                    "associatedNodeID": "",
                    "position": [369.43600000000004, 231.28799999999998, 347.82800000000003],
                    "orientation": [-1.0, -0.0, -0.0, -0.0, -1.0, -0.0, 0.0, 0.0, 1.0],
                    "selected": true,
                    "locked": false,
                    "visibility": true,
                    "positionStatus": "defined"
                },
                {
                    "id": "93",
                    "label": "mergedGridMarkupsNode-93",
                    "description": "Fixed",
                    "associatedNodeID": "",
                    "position": [338.304, 253.96999999999997, 331.508],
                    "orientation": [-1.0, -0.0, -0.0, -0.0, -1.0, -0.0, 0.0, 0.0, 1.0],
                    "selected": true,
                    "locked": false,
                    "visibility": true,
                    "positionStatus": "defined"
                },
                {
                    "id": "94",
                    "label": "mergedGridMarkupsNode-94",
                    "description": "Fixed",
                    "associatedNodeID": "",
                    "position": [333.896, 206.05, 326.596],
                    "orientation": [-1.0, -0.0, -0.0, -0.0, -1.0, -0.0, 0.0, 0.0, 1.0],
                    "selected": true,
                    "locked": false,
                    "visibility": true,
                    "positionStatus": "defined"
                },
                {
                    "id": "95",
                    "label": "mergedGridMarkupsNode-95",
                    "description": "Fixed",
                    "associatedNodeID": "",
                    "position": [250.21, 262.052, 316.772],
                    "orientation": [-1.0, -0.0, -0.0, -0.0, -1.0, -0.0, 0.0, 0.0, 1.0],
                    "selected": true,
                    "locked": false,
                    "visibility": true,
                    "positionStatus": "defined"
                },
                {
                    "id": "96",
                    "label": "mergedGridMarkupsNode-96",
                    "description": "Fixed",
                    "associatedNodeID": "",
                    "position": [252.608, 187.5402, 308.244],
                    "orientation": [-1.0, -0.0, -0.0, -0.0, -1.0, -0.0, 0.0, 0.0, 1.0],
                    "selected": true,
                    "locked": false,
                    "visibility": true,
                    "positionStatus": "defined"
                },
                {
                    "id": "97",
                    "label": "mergedGridMarkupsNode-97",
                    "description": "Fixed",
                    "associatedNodeID": "",
                    "position": [222.89999999999998, 236.188, 313.96999999999997],
                    "orientation": [-1.0, -0.0, -0.0, -0.0, -1.0, -0.0, 0.0, 0.0, 1.0],
                    "selected": true,
                    "locked": false,
                    "visibility": true,
                    "positionStatus": "defined"
                },
                {
                    "id": "98",
                    "label": "mergedGridMarkupsNode-98",
                    "description": "Fixed",
                    "associatedNodeID": "",
                    "position": [224.008, 208.57399999999998, 311.826],
                    "orientation": [-1.0, -0.0, -0.0, -0.0, -1.0, -0.0, 0.0, 0.0, 1.0],
                    "selected": true,
                    "locked": false,
                    "visibility": true,
                    "positionStatus": "defined"
                },
                {
                    "id": "99",
                    "label": "mergedGridMarkupsNode-99",
                    "description": "Fixed",
                    "associatedNodeID": "",
                    "position": [223.688, 336.85, 239.61200000000002],
                    "orientation": [-1.0, -0.0, -0.0, -0.0, -1.0, -0.0, 0.0, 0.0, 1.0],
                    "selected": true,
                    "locked": false,
                    "visibility": true,
                    "positionStatus": "defined"
                },
                {
                    "id": "100",
                    "label": "mergedGridMarkupsNode-100",
                    "description": "Fixed",
                    "associatedNodeID": "",
                    "position": [235.796, 127.9808, 215.26],
                    "orientation": [-1.0, -0.0, -0.0, -0.0, -1.0, -0.0, 0.0, 0.0, 1.0],
                    "selected": true,
                    "locked": false,
                    "visibility": true,
                    "positionStatus": "defined"
                },
                {
                    "id": "101",
                    "label": "mergedGridMarkupsNode-101",
                    "description": "Fixed",
                    "associatedNodeID": "",
                    "position": [157.603, 275.18, 275.698],
                    "orientation": [-1.0, -0.0, -0.0, -0.0, -1.0, -0.0, 0.0, 0.0, 1.0],
                    "selected": true,
                    "locked": false,
                    "visibility": true,
                    "positionStatus": "defined"
                },
                {
                    "id": "102",
                    "label": "mergedGridMarkupsNode-102",
                    "description": "Fixed",
                    "associatedNodeID": "",
                    "position": [164.0174, 171.5062, 265.26800000000003],
                    "orientation": [-1.0, -0.0, -0.0, -0.0, -1.0, -0.0, 0.0, 0.0, 1.0],
                    "selected": true,
                    "locked": false,
                    "visibility": true,
                    "positionStatus": "defined"
                },
                {
                    "id": "103",
                    "label": "mergedGridMarkupsNode-103",
                    "description": "Fixed",
                    "associatedNodeID": "",
                    "position": [181.4184, 349.624, 195.4072],
                    "orientation": [-1.0, -0.0, -0.0, -0.0, -1.0, -0.0, 0.0, 0.0, 1.0],
                    "selected": true,
                    "locked": false,
                    "visibility": true,
                    "positionStatus": "defined"
                },
                {
                    "id": "104",
                    "label": "mergedGridMarkupsNode-104",
                    "description": "Fixed",
                    "associatedNodeID": "",
                    "position": [97.523, 223.214, 237.74],
                    "orientation": [-1.0, -0.0, -0.0, -0.0, -1.0, -0.0, 0.0, 0.0, 1.0],
                    "selected": true,
                    "locked": false,
                    "visibility": true,
                    "positionStatus": "defined"
                },
                {
                    "id": "105",
                    "label": "mergedGridMarkupsNode-105",
                    "description": "Fixed",
                    "associatedNodeID": "",
                    "position": [193.615, 119.0544, 170.7146],
                    "orientation": [-1.0, -0.0, -0.0, -0.0, -1.0, -0.0, 0.0, 0.0, 1.0],
                    "selected": true,
                    "locked": false,
                    "visibility": true,
                    "positionStatus": "defined"
                },
                {
                    "id": "106",
                    "label": "mergedGridMarkupsNode-106",
                    "description": "Fixed",
                    "associatedNodeID": "",
                    "position": [57.427, 313.25800000000004, 161.2358],
                    "orientation": [-1.0, -0.0, -0.0, -0.0, -1.0, -0.0, 0.0, 0.0, 1.0],
                    "selected": true,
                    "locked": false,
                    "visibility": true,
                    "positionStatus": "defined"
                },
                {
                    "id": "107",
                    "label": "mergedGridMarkupsNode-107",
                    "description": "Fixed",
                    "associatedNodeID": "",
                    "position": [49.4134, 223.336, 190.2534],
                    "orientation": [-1.0, -0.0, -0.0, -0.0, -1.0, -0.0, 0.0, 0.0, 1.0],
                    "selected": true,
                    "locked": false,
                    "visibility": true,
                    "positionStatus": "defined"
                },
                {
                    "id": "108",
                    "label": "mergedGridMarkupsNode-108",
                    "description": "Fixed",
                    "associatedNodeID": "",
                    "position": [70.6792, 144.8264, 143.21699999999998],
                    "orientation": [-1.0, -0.0, -0.0, -0.0, -1.0, -0.0, 0.0, 0.0, 1.0],
                    "selected": true,
                    "locked": false,
                    "visibility": true,
                    "positionStatus": "defined"
                },
                {
                    "id": "109",
                    "label": "mergedGridMarkupsNode-109",
                    "description": "Fixed",
                    "associatedNodeID": "",
                    "position": [39.5406, 304.738, 136.586],
                    "orientation": [-1.0, -0.0, -0.0, -0.0, -1.0, -0.0, 0.0, 0.0, 1.0],
                    "selected": true,
                    "locked": false,
                    "visibility": true,
                    "positionStatus": "defined"
                },
                {
                    "id": "110",
                    "label": "mergedGridMarkupsNode-110",
                    "description": "Fixed",
                    "associatedNodeID": "",
                    "position": [7.1325199999999995, 224.19799999999998, 136.8576],
                    "orientation": [-1.0, -0.0, -0.0, -0.0, -1.0, -0.0, 0.0, 0.0, 1.0],
                    "selected": true,
                    "locked": false,
                    "visibility": true,
                    "positionStatus": "defined"
                },
                {
                    "id": "111",
                    "label": "mergedGridMarkupsNode-111",
                    "description": "Fixed",
                    "associatedNodeID": "",
                    "position": [59.318400000000004, 151.0266, 119.6448],
                    "orientation": [-1.0, -0.0, -0.0, -0.0, -1.0, -0.0, 0.0, 0.0, 1.0],
                    "selected": true,
                    "locked": false,
                    "visibility": true,
                    "positionStatus": "defined"
                },
                {
                    "id": "112",
                    "label": "mergedGridMarkupsNode-112",
                    "description": "Fixed",
                    "associatedNodeID": "",
                    "position": [16.96888, 232.09599999999998, 81.9254],
                    "orientation": [-1.0, -0.0, -0.0, -0.0, -1.0, -0.0, 0.0, 0.0, 1.0],
                    "selected": true,
                    "locked": false,
                    "visibility": true,
                    "positionStatus": "defined"
                },
                {
                    "id": "113",
                    "label": "mergedGridMarkupsNode-113",
                    "description": "Fixed",
                    "associatedNodeID": "",
                    "position": [109.6266, 139.73760000000001, 95.6322],
                    "orientation": [-1.0, -0.0, -0.0, -0.0, -1.0, -0.0, 0.0, 0.0, 1.0],
                    "selected": true,
                    "locked": false,
                    "visibility": true,
                    "positionStatus": "defined"
                },
                {
                    "id": "114",
                    "label": "mergedGridMarkupsNode-114",
                    "description": "Fixed",
                    "associatedNodeID": "",
                    "position": [133.8728, 131.9764, 164.821],
                    "orientation": [-1.0, -0.0, -0.0, -0.0, -1.0, -0.0, 0.0, 0.0, 1.0],
                    "selected": true,
                    "locked": false,
                    "visibility": true,
                    "positionStatus": "defined"
                },
                {
                    "id": "115",
                    "label": "mergedGridMarkupsNode-115",
                    "description": "Fixed",
                    "associatedNodeID": "",
                    "position": [137.1008, 141.5674, 143.09720000000002],
                    "orientation": [-1.0, -0.0, -0.0, -0.0, -1.0, -0.0, 0.0, 0.0, 1.0],
                    "selected": true,
                    "locked": false,
                    "visibility": true,
                    "positionStatus": "defined"
                },
                {
                    "id": "116",
                    "label": "mergedGridMarkupsNode-116",
                    "description": "Fixed",
                    "associatedNodeID": "",
                    "position": [97.0228, 331.582, 118.8384],
                    "orientation": [-1.0, -0.0, -0.0, -0.0, -1.0, -0.0, 0.0, 0.0, 1.0],
                    "selected": true,
                    "locked": false,
                    "visibility": true,
                    "positionStatus": "defined"
                },
                {
                    "id": "117",
                    "label": "mergedGridMarkupsNode-117",
                    "description": "Fixed",
                    "associatedNodeID": "",
                    "position": [119.7972, 330.17, 188.9278],
                    "orientation": [-1.0, -0.0, -0.0, -0.0, -1.0, -0.0, 0.0, 0.0, 1.0],
                    "selected": true,
                    "locked": false,
                    "visibility": true,
                    "positionStatus": "defined"
                },
                {
                    "id": "118",
                    "label": "mergedGridMarkupsNode-118",
                    "description": "Fixed",
                    "associatedNodeID": "",
                    "position": [125.8504, 324.096, 166.19920000000002],
                    "orientation": [-1.0, -0.0, -0.0, -0.0, -1.0, -0.0, 0.0, 0.0, 1.0],
                    "selected": true,
                    "locked": false,
                    "visibility": true,
                    "positionStatus": "defined"
                },
                {
                    "id": "119",
                    "label": "mergedGridMarkupsNode-119",
                    "description": "Fixed",
                    "associatedNodeID": "",
                    "position": [388.74, 238.026, 303.358],
                    "orientation": [-1.0, -0.0, -0.0, -0.0, -1.0, -0.0, 0.0, 0.0, 1.0],
                    "selected": true,
                    "locked": false,
                    "visibility": true,
                    "positionStatus": "defined"
                },
                {
                    "id": "120",
                    "label": "mergedGridMarkupsNode-120",
                    "description": "Fixed",
                    "associatedNodeID": "",
                    "position": [356.93600000000004, 237.42999999999998, 280.85],
                    "orientation": [-1.0, -0.0, -0.0, -0.0, -1.0, -0.0, 0.0, 0.0, 1.0],
                    "selected": true,
                    "locked": false,
                    "visibility": true,
                    "positionStatus": "defined"
                },
                {
                    "id": "121",
                    "label": "mergedGridMarkupsNode-121",
                    "description": "Fixed",
                    "associatedNodeID": "",
                    "position": [344.92199999999997, 231.422, 272.54],
                    "orientation": [-1.0, -0.0, -0.0, -0.0, -1.0, -0.0, 0.0, 0.0, 1.0],
                    "selected": true,
                    "locked": false,
                    "visibility": true,
                    "positionStatus": "defined"
                },
                {
                    "id": "122",
                    "label": "mergedGridMarkupsNode-122",
                    "description": "Fixed",
                    "associatedNodeID": "",
                    "position": [344.306, 242.606, 274.028],
                    "orientation": [-1.0, -0.0, -0.0, -0.0, -1.0, -0.0, 0.0, 0.0, 1.0],
                    "selected": true,
                    "locked": false,
                    "visibility": true,
                    "positionStatus": "defined"
                },
                {
                    "id": "123",
                    "label": "mergedGridMarkupsNode-123",
                    "description": "Fixed",
                    "associatedNodeID": "",
                    "position": [318.466, 215.75199999999998, 253.32],
                    "orientation": [-1.0, -0.0, -0.0, -0.0, -1.0, -0.0, 0.0, 0.0, 1.0],
                    "selected": true,
                    "locked": false,
                    "visibility": true,
                    "positionStatus": "defined"
                },
                {
                    "id": "124",
                    "label": "mergedGridMarkupsNode-124",
                    "description": "Fixed",
                    "associatedNodeID": "",
                    "position": [313.584, 255.81199999999998, 255.07999999999998],
                    "orientation": [-1.0, -0.0, -0.0, -0.0, -1.0, -0.0, 0.0, 0.0, 1.0],
                    "selected": true,
                    "locked": false,
                    "visibility": true,
                    "positionStatus": "defined"
                },
                {
                    "id": "125",
                    "label": "mergedGridMarkupsNode-125",
                    "description": "Fixed",
                    "associatedNodeID": "",
                    "position": [299.752, 193.0052, 242.04399999999998],
                    "orientation": [-1.0, -0.0, -0.0, -0.0, -1.0, -0.0, 0.0, 0.0, 1.0],
                    "selected": true,
                    "locked": false,
                    "visibility": true,
                    "positionStatus": "defined"
                },
                {
                    "id": "126",
                    "label": "mergedGridMarkupsNode-126",
                    "description": "Fixed",
                    "associatedNodeID": "",
                    "position": [293.512, 277.66200000000003, 251.038],
                    "orientation": [-1.0, -0.0, -0.0, -0.0, -1.0, -0.0, 0.0, 0.0, 1.0],
                    "selected": true,
                    "locked": false,
                    "visibility": true,
                    "positionStatus": "defined"
                },
                {
                    "id": "127",
                    "label": "mergedGridMarkupsNode-127",
                    "description": "Fixed",
                    "associatedNodeID": "",
                    "position": [280.106, 203.922, 225.534],
                    "orientation": [-1.0, -0.0, -0.0, -0.0, -1.0, -0.0, 0.0, 0.0, 1.0],
                    "selected": true,
                    "locked": false,
                    "visibility": true,
                    "positionStatus": "defined"
                },
                {
                    "id": "128",
                    "label": "mergedGridMarkupsNode-128",
                    "description": "Fixed",
                    "associatedNodeID": "",
                    "position": [276.81, 267.67, 231.04600000000002],
                    "orientation": [-1.0, -0.0, -0.0, -0.0, -1.0, -0.0, 0.0, 0.0, 1.0],
                    "selected": true,
                    "locked": false,
                    "visibility": true,
                    "positionStatus": "defined"
                },
                {
                    "id": "129",
                    "label": "mergedGridMarkupsNode-129",
                    "description": "Fixed",
                    "associatedNodeID": "",
                    "position": [258.928, 226.88400000000001, 217.086],
                    "orientation": [-1.0, -0.0, -0.0, -0.0, -1.0, -0.0, 0.0, 0.0, 1.0],
                    "selected": true,
                    "locked": false,
                    "visibility": true,
                    "positionStatus": "defined"
                },
                {
                    "id": "130",
                    "label": "mergedGridMarkupsNode-130",
                    "description": "Fixed",
                    "associatedNodeID": "",
                    "position": [257.218, 243.53000000000003, 219.73],
                    "orientation": [-1.0, -0.0, -0.0, -0.0, -1.0, -0.0, 0.0, 0.0, 1.0],
                    "selected": true,
                    "locked": false,
                    "visibility": true,
                    "positionStatus": "defined"
                },
                {
                    "id": "131",
                    "label": "mergedGridMarkupsNode-131",
                    "description": "Fixed",
                    "associatedNodeID": "",
                    "position": [237.73, 224.358, 194.9026],
                    "orientation": [-1.0, -0.0, -0.0, -0.0, -1.0, -0.0, 0.0, 0.0, 1.0],
                    "selected": true,
                    "locked": false,
                    "visibility": true,
                    "positionStatus": "defined"
                },
                {
                    "id": "132",
                    "label": "mergedGridMarkupsNode-132",
                    "description": "Fixed",
                    "associatedNodeID": "",
                    "position": [237.508, 246.95, 196.6764],
                    "orientation": [-1.0, -0.0, -0.0, -0.0, -1.0, -0.0, 0.0, 0.0, 1.0],
                    "selected": true,
                    "locked": false,
                    "visibility": true,
                    "positionStatus": "defined"
                },
                {
                    "id": "133",
                    "label": "mergedGridMarkupsNode-133",
                    "description": "Fixed",
                    "associatedNodeID": "",
                    "position": [228.138, 207.36999999999998, 177.1136],
                    "orientation": [-1.0, -0.0, -0.0, -0.0, -1.0, -0.0, 0.0, 0.0, 1.0],
                    "selected": true,
                    "locked": false,
                    "visibility": true,
                    "positionStatus": "defined"
                },
                {
                    "id": "134",
                    "label": "mergedGridMarkupsNode-134",
                    "description": "Fixed",
                    "associatedNodeID": "",
                    "position": [225.754, 266.034, 182.08480000000003],
                    "orientation": [-1.0, -0.0, -0.0, -0.0, -1.0, -0.0, 0.0, 0.0, 1.0],
                    "selected": true,
                    "locked": false,
                    "visibility": true,
                    "positionStatus": "defined"
                },
                {
                    "id": "135",
                    "label": "mergedGridMarkupsNode-135",
                    "description": "Fixed",
                    "associatedNodeID": "",
                    "position": [213.454, 237.278, 165.138],
                    "orientation": [-1.0, -0.0, -0.0, -0.0, -1.0, -0.0, 0.0, 0.0, 1.0],
                    "selected": true,
                    "locked": false,
                    "visibility": true,
                    "positionStatus": "defined"
                },
                {
                    "id": "136",
                    "label": "mergedGridMarkupsNode-136",
                    "description": "Fixed",
                    "associatedNodeID": "",
                    "position": [192.5846, 235.23399999999998, 168.73180000000002],
                    "orientation": [-1.0, -0.0, -0.0, -0.0, -1.0, -0.0, 0.0, 0.0, 1.0],
                    "selected": true,
                    "locked": false,
                    "visibility": true,
                    "positionStatus": "defined"
                },
                {
                    "id": "137",
                    "label": "mergedGridMarkupsNode-137",
                    "description": "Fixed",
                    "associatedNodeID": "",
                    "position": [148.6812, 224.572, 108.6926],
                    "orientation": [-1.0, -0.0, -0.0, -0.0, -1.0, -0.0, 0.0, 0.0, 1.0],
                    "selected": true,
                    "locked": false,
                    "visibility": true,
                    "positionStatus": "defined"
                },
                {
                    "id": "138",
                    "label": "mergedGridMarkupsNode-138",
                    "description": "Fixed",
                    "associatedNodeID": "",
                    "position": [146.0398, 254.742, 112.5892],
                    "orientation": [-1.0, -0.0, -0.0, -0.0, -1.0, -0.0, 0.0, 0.0, 1.0],
                    "selected": true,
                    "locked": false,
                    "visibility": true,
                    "positionStatus": "defined"
                },
                {
                    "id": "139",
                    "label": "mergedGridMarkupsNode-139",
                    "description": "Fixed",
                    "associatedNodeID": "",
                    "position": [91.6972, 194.38379999999998, 57.927400000000006],
                    "orientation": [-1.0, -0.0, -0.0, -0.0, -1.0, -0.0, 0.0, 0.0, 1.0],
                    "selected": true,
                    "locked": false,
                    "visibility": true,
                    "positionStatus": "defined"
                },
                {
                    "id": "140",
                    "label": "mergedGridMarkupsNode-140",
                    "description": "Fixed",
                    "associatedNodeID": "",
                    "position": [85.2148, 286.122, 68.4372],
                    "orientation": [-1.0, -0.0, -0.0, -0.0, -1.0, -0.0, 0.0, 0.0, 1.0],
                    "selected": true,
                    "locked": false,
                    "visibility": true,
                    "positionStatus": "defined"
                },
                {
                    "id": "141",
                    "label": "mergedGridMarkupsNode-141",
                    "description": "Fixed",
                    "associatedNodeID": "",
                    "position": [102.2824, 240.63199999999998, 61.7732],
                    "orientation": [-1.0, -0.0, -0.0, -0.0, -1.0, -0.0, 0.0, 0.0, 1.0],
                    "selected": true,
                    "locked": false,
                    "visibility": true,
                    "positionStatus": "defined"
                },
                {
                    "id": "142",
                    "label": "mergedGridMarkupsNode-142",
                    "description": "Fixed",
                    "associatedNodeID": "",
                    "position": [210.994, 224.774, 295.456],
                    "orientation": [-1.0, -0.0, -0.0, -0.0, -1.0, -0.0, 0.0, 0.0, 1.0],
                    "selected": true,
                    "locked": false,
                    "visibility": true,
                    "positionStatus": "defined"
                }
            ],
            "measurements": [],
            "display": {
                "visibility": true,
                "opacity": 1.0,
                "color": [0.4, 1.0, 1.0],
                "selectedColor": [1.0, 0.0, 1.0],
                "activeColor": [0.4, 1.0, 0.0],
                "propertiesLabelVisibility": false,
                "pointLabelsVisibility": true,
                "textScale": 0.0,
                "glyphType": "Sphere3D",
                "glyphScale": 3.0,
                "glyphSize": 5.0,
                "useGlyphScale": true,
                "sliceProjection": false,
                "sliceProjectionUseFiducialColor": true,
                "sliceProjectionOutlinedBehindSlicePlane": false,
                "sliceProjectionColor": [1.0, 1.0, 1.0],
                "sliceProjectionOpacity": 0.6,
                "lineThickness": 0.2,
                "lineColorFadingStart": 1.0,
                "lineColorFadingEnd": 10.0,
                "lineColorFadingSaturation": 1.0,
                "lineColorFadingHueOffset": 0.0,
                "handlesInteractive": false,
                "translationHandleVisibility": true,
                "rotationHandleVisibility": true,
                "scaleHandleVisibility": false,
                "interactionHandleScale": 3.0,
                "snapMode": "toVisibleSurface"
            }
        }
    ]
}