{
    "@schema": "https://raw.githubusercontent.com/slicer/slicer/master/Modules/Loadable/Markups/Resources/Schema/markups-schema-v1.0.3.json#",
    "markups": [
        {
            "type": "Fiducial",
            "coordinateSystem": "LPS",
            "coordinateUnits": "mm",
            "locked": true,
            "fixedNumberOfControlPoints": false,
            "labelFormat": "%N-%d",
            "lastUsedControlPointNumber": 142,
            "controlPoints": [
                {
                    "id": "2",
                    "label": "mergedGridMarkupsNode-2",
                    "description": "Semi",
                    "associatedNodeID": "",
                    "position": [10.906091690063477, 16.478872299194336, 13.153928756713867],
                    "orientation": [-1.0, -0.0, -0.0, -0.0, -1.0, -0.0, 0.0, 0.0, 1.0],
                    "selected": true,
                    "locked": false,
                    "visibility": true,
                    "positionStatus": "defined"
                },
                {
                    "id": "3",
                    "label": "mergedGridMarkupsNode-3",
                    "description": "Semi",
                    "associatedNodeID": "",
                    "position": [10.624359130859375, 17.505094528198242, 12.399079322814941],
                    "orientation": [-1.0, -0.0, -0.0, -0.0, -1.0, -0.0, 0.0, 0.0, 1.0],
                    "selected": true,
                    "locked": false,
                    "visibility": true,
                    "positionStatus": "defined"
                },
                {
                    "id": "4",
                    "label": "mergedGridMarkupsNode-4",
                    "description": "Semi",
                    "associatedNodeID": "",
                    "position": [10.356228828430176, 18.493898391723633, 11.581841468811035],
                    "orientation": [-1.0, -0.0, -0.0, -0.0, -1.0, -0.0, 0.0, 0.0, 1.0],
                    "selected": true,
                    "locked": false,
                    "visibility": true,
                    "positionStatus": "defined"
                },
                {
                    "id": "5",
                    "label": "mergedGridMarkupsNode-5",
                    "description": "Semi",
                    "associatedNodeID": "",
                    "position": [10.054563522338867, 19.385379791259766, 10.689326286315918],
                    "orientation": [-1.0, -0.0, -0.0, -0.0, -1.0, -0.0, 0.0, 0.0, 1.0],
                    "selected": true,
                    "locked": false,
                    "visibility": true,
                    "positionStatus": "defined"
                },
                {
                    "id": "6",
                    "label": "mergedGridMarkupsNode-6",
                    "description": "Semi",
                    "associatedNodeID": "",
                    "position": [9.7498140335083, 20.13689422607422, 9.701704978942871],
                    "orientation": [-1.0, -0.0, -0.0, -0.0, -1.0, -0.0, 0.0, 0.0, 1.0],
                    "selected": true,
                    "locked": false,
                    "visibility": true,
                    "positionStatus": "defined"
                },
                {
                    "id": "8",
                    "label": "mergedGridMarkupsNode-8",
                    "description": "Semi",
                    "associatedNodeID": "",
                    "position": [10.461356163024902, 15.499168395996094, 13.687474250793457],
                    "orientation": [-1.0, -0.0, -0.0, -0.0, -1.0, -0.0, 0.0, 0.0, 1.0],
                    "selected": true,
                    "locked": false,
                    "visibility": true,
                    "positionStatus": "defined"
                },
                {
                    "id": "9",
                    "label": "mergedGridMarkupsNode-9",
                    "description": "Semi",
                    "associatedNodeID": "",
                    "position": [10.102168083190918, 16.461618423461914, 13.061575889587402],
                    "orientation": [-1.0, -0.0, -0.0, -0.0, -1.0, -0.0, 0.0, 0.0, 1.0],
                    "selected": true,
                    "locked": false,
                    "visibility": true,
                    "positionStatus": "defined"
                },
                {
                    "id": "10",
                    "label": "mergedGridMarkupsNode-10",
                    "description": "Semi",
                    "associatedNodeID": "",
                    "position": [9.806151390075684, 17.422121047973633, 12.444840431213379],
                    "orientation": [-1.0, -0.0, -0.0, -0.0, -1.0, -0.0, 0.0, 0.0, 1.0],
                    "selected": true,
                    "locked": false,
                    "visibility": true,
                    "positionStatus": "defined"
                },
                {
                    "id": "11",
                    "label": "mergedGridMarkupsNode-11",
                    "description": "Semi",
                    "associatedNodeID": "",
                    "position": [9.534690856933594, 18.373184204101563, 11.706950187683105],
                    "orientation": [-1.0, -0.0, -0.0, -0.0, -1.0, -0.0, 0.0, 0.0, 1.0],
                    "selected": true,
                    "locked": false,
                    "visibility": true,
                    "positionStatus": "defined"
                },
                {
                    "id": "12",
                    "label": "mergedGridMarkupsNode-12",
                    "description": "Semi",
                    "associatedNodeID": "",
                    "position": [9.227672576904297, 19.203773498535156, 10.858080863952637],
                    "orientation": [-1.0, -0.0, -0.0, -0.0, -1.0, -0.0, 0.0, 0.0, 1.0],
                    "selected": true,
                    "locked": false,
                    "visibility": true,
                    "positionStatus": "defined"
                },
                {
                    "id": "13",
                    "label": "mergedGridMarkupsNode-13",
                    "description": "Semi",
                    "associatedNodeID": "",
                    "position": [8.915620803833008, 19.94891357421875, 9.923559188842773],
                    "orientation": [-1.0, -0.0, -0.0, -0.0, -1.0, -0.0, 0.0, 0.0, 1.0],
                    "selected": true,
                    "locked": false,
                    "visibility": true,
                    "positionStatus": "defined"
                },
                {
                    "id": "14",
                    "label": "mergedGridMarkupsNode-14",
                    "description": "Semi",
                    "associatedNodeID": "",
                    "position": [8.680158615112305, 20.584354400634766, 8.77005386352539],
                    "orientation": [-1.0, -0.0, -0.0, -0.0, -1.0, -0.0, 0.0, 0.0, 1.0],
                    "selected": true,
                    "locked": false,
                    "visibility": true,
                    "positionStatus": "defined"
                },
                {
                    "id": "15",
                    "label": "mergedGridMarkupsNode-15",
                    "description": "Semi",
                    "associatedNodeID": "",
                    "position": [9.720006942749023, 15.629158973693848, 13.517300605773926],
                    "orientation": [-1.0, -0.0, -0.0, -0.0, -1.0, -0.0, 0.0, 0.0, 1.0],
                    "selected": true,
                    "locked": false,
                    "visibility": true,
                    "positionStatus": "defined"
                },
                {
                    "id": "16",
                    "label": "mergedGridMarkupsNode-16",
                    "description": "Semi",
                    "associatedNodeID": "",
                    "position": [9.392704963684082, 16.454030990600586, 12.914534568786621],
                    "orientation": [-1.0, -0.0, -0.0, -0.0, -1.0, -0.0, 0.0, 0.0, 1.0],
                    "selected": true,
                    "locked": false,
                    "visibility": true,
                    "positionStatus": "defined"
                },
                {
                    "id": "17",
                    "label": "mergedGridMarkupsNode-17",
                    "description": "Semi",
                    "associatedNodeID": "",
                    "position": [9.064666748046875, 17.277463912963867, 12.383514404296875],
                    "orientation": [-1.0, -0.0, -0.0, -0.0, -1.0, -0.0, 0.0, 0.0, 1.0],
                    "selected": true,
                    "locked": false,
                    "visibility": true,
                    "positionStatus": "defined"
                },
                {
                    "id": "18",
                    "label": "mergedGridMarkupsNode-18",
                    "description": "Semi",
                    "associatedNodeID": "",
                    "position": [8.722413063049316, 18.14845848083496, 11.721724510192871],
                    "orientation": [-1.0, -0.0, -0.0, -0.0, -1.0, -0.0, 0.0, 0.0, 1.0],
                    "selected": true,
                    "locked": false,
                    "visibility": true,
                    "positionStatus": "defined"
                },
                {
                    "id": "19",
                    "label": "mergedGridMarkupsNode-19",
                    "description": "Semi",
                    "associatedNodeID": "",
                    "position": [8.408690452575684, 18.93227195739746, 10.937054634094238],
                    "orientation": [-1.0, -0.0, -0.0, -0.0, -1.0, -0.0, 0.0, 0.0, 1.0],
                    "selected": true,
                    "locked": false,
                    "visibility": true,
                    "positionStatus": "defined"
                },
                {
                    "id": "20",
                    "label": "mergedGridMarkupsNode-20",
                    "description": "Semi",
                    "associatedNodeID": "",
                    "position": [8.109463691711426, 19.64048957824707, 10.081790924072266],
                    "orientation": [-1.0, -0.0, -0.0, -0.0, -1.0, -0.0, 0.0, 0.0, 1.0],
                    "selected": true,
                    "locked": false,
                    "visibility": true,
                    "positionStatus": "defined"
                },
                {
                    "id": "21",
                    "label": "mergedGridMarkupsNode-21",
                    "description": "Semi",
                    "associatedNodeID": "",
                    "position": [7.872467041015625, 20.158334732055664, 9.0419282913208],
                    "orientation": [-1.0, -0.0, -0.0, -0.0, -1.0, -0.0, 0.0, 0.0, 1.0],
                    "selected": true,
                    "locked": false,
                    "visibility": true,
                    "positionStatus": "defined"
                },
                {
                    "id": "22",
                    "label": "mergedGridMarkupsNode-22",
                    "description": "Semi",
                    "associatedNodeID": "",
                    "position": [8.998342514038086, 15.701326370239258, 13.252555847167969],
                    "orientation": [-1.0, -0.0, -0.0, -0.0, -1.0, -0.0, 0.0, 0.0, 1.0],
                    "selected": true,
                    "locked": false,
                    "visibility": true,
                    "positionStatus": "defined"
                },
                {
                    "id": "23",
                    "label": "mergedGridMarkupsNode-23",
                    "description": "Semi",
                    "associatedNodeID": "",
                    "position": [8.714198112487793, 16.402915954589844, 12.70034122467041],
                    "orientation": [-1.0, -0.0, -0.0, -0.0, -1.0, -0.0, 0.0, 0.0, 1.0],
                    "selected": true,
                    "locked": false,
                    "visibility": true,
                    "positionStatus": "defined"
                },
                {
                    "id": "24",
                    "label": "mergedGridMarkupsNode-24",
                    "description": "Semi",
                    "associatedNodeID": "",
                    "position": [8.29961109161377, 17.07328224182129, 12.225648880004883],
                    "orientation": [-1.0, -0.0, -0.0, -0.0, -1.0, -0.0, 0.0, 0.0, 1.0],
                    "selected": true,
                    "locked": false,
                    "visibility": true,
                    "positionStatus": "defined"
                },
                {
                    "id": "25",
                    "label": "mergedGridMarkupsNode-25",
                    "description": "Semi",
                    "associatedNodeID": "",
                    "position": [7.96271276473999, 17.832597732543945, 11.652868270874023],
                    "orientation": [-1.0, -0.0, -0.0, -0.0, -1.0, -0.0, 0.0, 0.0, 1.0],
                    "selected": true,
                    "locked": false,
                    "visibility": true,
                    "positionStatus": "defined"
                },
                {
                    "id": "26",
                    "label": "mergedGridMarkupsNode-26",
                    "description": "Semi",
                    "associatedNodeID": "",
                    "position": [7.653851509094238, 18.535797119140625, 10.944051742553711],
                    "orientation": [-1.0, -0.0, -0.0, -0.0, -1.0, -0.0, 0.0, 0.0, 1.0],
                    "selected": true,
                    "locked": false,
                    "visibility": true,
                    "positionStatus": "defined"
                },
                {
                    "id": "27",
                    "label": "mergedGridMarkupsNode-27",
                    "description": "Semi",
                    "associatedNodeID": "",
                    "position": [7.332651615142822, 19.2092342376709, 10.161816596984863],
                    "orientation": [-1.0, -0.0, -0.0, -0.0, -1.0, -0.0, 0.0, 0.0, 1.0],
                    "selected": true,
                    "locked": false,
                    "visibility": true,
                    "positionStatus": "defined"
                },
                {
                    "id": "28",
                    "label": "mergedGridMarkupsNode-28",
                    "description": "Semi",
                    "associatedNodeID": "",
                    "position": [7.0713887214660645, 19.720081329345703, 9.186624526977539],
                    "orientation": [-1.0, -0.0, -0.0, -0.0, -1.0, -0.0, 0.0, 0.0, 1.0],
                    "selected": true,
                    "locked": false,
                    "visibility": true,
                    "positionStatus": "defined"
                },
                {
                    "id": "29",
                    "label": "mergedGridMarkupsNode-29",
                    "description": "Semi",
                    "associatedNodeID": "",
                    "position": [8.322907447814941, 15.575495719909668, 12.981529235839844],
                    "orientation": [-1.0, -0.0, -0.0, -0.0, -1.0, -0.0, 0.0, 0.0, 1.0],
                    "selected": true,
                    "locked": false,
                    "visibility": true,
                    "positionStatus": "defined"
                },
                {
                    "id": "30",
                    "label": "mergedGridMarkupsNode-30",
                    "description": "Semi",
                    "associatedNodeID": "",
                    "position": [7.969632625579834, 16.16216278076172, 12.476006507873535],
                    "orientation": [-1.0, -0.0, -0.0, -0.0, -1.0, -0.0, 0.0, 0.0, 1.0],
                    "selected": true,
                    "locked": false,
                    "visibility": true,
                    "positionStatus": "defined"
                },
                {
                    "id": "31",
                    "label": "mergedGridMarkupsNode-31",
                    "description": "Semi",
                    "associatedNodeID": "",
                    "position": [7.643378257751465, 16.875490188598633, 12.006241798400879],
                    "orientation": [-1.0, -0.0, -0.0, -0.0, -1.0, -0.0, 0.0, 0.0, 1.0],
                    "selected": true,
                    "locked": false,
                    "visibility": true,
                    "positionStatus": "defined"
                },
                {
                    "id": "32",
                    "label": "mergedGridMarkupsNode-32",
                    "description": "Semi",
                    "associatedNodeID": "",
                    "position": [7.290387153625488, 17.464757919311523, 11.527655601501465],
                    "orientation": [-1.0, -0.0, -0.0, -0.0, -1.0, -0.0, 0.0, 0.0, 1.0],
                    "selected": true,
                    "locked": false,
                    "visibility": true,
                    "positionStatus": "defined"
                },
                {
                    "id": "33",
                    "label": "mergedGridMarkupsNode-33",
                    "description": "Semi",
                    "associatedNodeID": "",
                    "position": [6.955024719238281, 18.091516494750977, 10.91585636138916],
                    "orientation": [-1.0, -0.0, -0.0, -0.0, -1.0, -0.0, 0.0, 0.0, 1.0],
                    "selected": true,
                    "locked": false,
                    "visibility": true,
                    "positionStatus": "defined"
                },
                {
                    "id": "34",
                    "label": "mergedGridMarkupsNode-34",
                    "description": "Semi",
                    "associatedNodeID": "",
                    "position": [6.635985374450684, 18.672372817993164, 10.213908195495605],
                    "orientation": [-1.0, -0.0, -0.0, -0.0, -1.0, -0.0, 0.0, 0.0, 1.0],
                    "selected": true,
                    "locked": false,
                    "visibility": true,
                    "positionStatus": "defined"
                },
                {
                    "id": "35",
                    "label": "mergedGridMarkupsNode-35",
                    "description": "Semi",
                    "associatedNodeID": "",
                    "position": [6.415528297424316, 19.150066375732422, 9.339138984680176],
                    "orientation": [-1.0, -0.0, -0.0, -0.0, -1.0, -0.0, 0.0, 0.0, 1.0],
                    "selected": true,
                    "locked": false,
                    "visibility": true,
                    "positionStatus": "defined"
                },
                {
                    "id": "36",
                    "label": "mergedGridMarkupsNode-36",
                    "description": "Semi",
                    "associatedNodeID": "",
                    "position": [7.667799472808838, 15.417864799499512, 12.659208297729492],
                    "orientation": [-1.0, -0.0, -0.0, -0.0, -1.0, -0.0, 0.0, 0.0, 1.0],
                    "selected": true,
                    "locked": false,
                    "visibility": true,
                    "positionStatus": "defined"
                },
                {
                    "id": "37",
                    "label": "mergedGridMarkupsNode-37",
                    "description": "Semi",
                    "associatedNodeID": "",
                    "position": [7.341390609741211, 15.938904762268066, 12.199827194213867],
                    "orientation": [-1.0, -0.0, -0.0, -0.0, -1.0, -0.0, 0.0, 0.0, 1.0],
                    "selected": true,
                    "locked": false,
                    "visibility": true,
                    "positionStatus": "defined"
                },
                {
                    "id": "38",
                    "label": "mergedGridMarkupsNode-38",
                    "description": "Semi",
                    "associatedNodeID": "",
                    "position": [6.973343849182129, 16.48090934753418, 11.782830238342285],
                    "orientation": [-1.0, -0.0, -0.0, -0.0, -1.0, -0.0, 0.0, 0.0, 1.0],
                    "selected": true,
                    "locked": false,
                    "visibility": true,
                    "positionStatus": "defined"
                },
                {
                    "id": "39",
                    "label": "mergedGridMarkupsNode-39",
                    "description": "Semi",
                    "associatedNodeID": "",
                    "position": [6.655923843383789, 17.096534729003906, 11.332274436950684],
                    "orientation": [-1.0, -0.0, -0.0, -0.0, -1.0, -0.0, 0.0, 0.0, 1.0],
                    "selected": true,
                    "locked": false,
                    "visibility": true,
                    "positionStatus": "defined"
                },
                {
                    "id": "40",
                    "label": "mergedGridMarkupsNode-40",
                    "description": "Semi",
                    "associatedNodeID": "",
                    "position": [6.3394455909729, 17.587663650512695, 10.833288192749023],
                    "orientation": [-1.0, -0.0, -0.0, -0.0, -1.0, -0.0, 0.0, 0.0, 1.0],
                    "selected": true,
                    "locked": false,
                    "visibility": true,
                    "positionStatus": "defined"
                },
                {
                    "id": "41",
                    "label": "mergedGridMarkupsNode-41",
                    "description": "Semi",
                    "associatedNodeID": "",
                    "position": [6.042526721954346, 18.068191528320313, 10.205953598022461],
                    "orientation": [-1.0, -0.0, -0.0, -0.0, -1.0, -0.0, 0.0, 0.0, 1.0],
                    "selected": true,
                    "locked": false,
                    "visibility": true,
                    "positionStatus": "defined"
                },
                {
                    "id": "42",
                    "label": "mergedGridMarkupsNode-42",
                    "description": "Semi",
                    "associatedNodeID": "",
                    "position": [5.856111526489258, 18.397676467895508, 9.487008094787598],
                    "orientation": [-1.0, -0.0, -0.0, -0.0, -1.0, -0.0, 0.0, 0.0, 1.0],
                    "selected": true,
                    "locked": false,
                    "visibility": true,
                    "positionStatus": "defined"
                },
                {
                    "id": "44",
                    "label": "mergedGridMarkupsNode-44",
                    "description": "Semi",
                    "associatedNodeID": "",
                    "position": [6.745452880859375, 15.698770523071289, 11.896228790283203],
                    "orientation": [-1.0, -0.0, -0.0, -0.0, -1.0, -0.0, 0.0, 0.0, 1.0],
                    "selected": true,
                    "locked": false,
                    "visibility": true,
                    "positionStatus": "defined"
                },
                {
                    "id": "45",
                    "label": "mergedGridMarkupsNode-45",
                    "description": "Semi",
                    "associatedNodeID": "",
                    "position": [6.40803861618042, 16.165943145751953, 11.545531272888184],
                    "orientation": [-1.0, -0.0, -0.0, -0.0, -1.0, -0.0, 0.0, 0.0, 1.0],
                    "selected": true,
                    "locked": false,
                    "visibility": true,
                    "positionStatus": "defined"
                },
                {
                    "id": "46",
                    "label": "mergedGridMarkupsNode-46",
                    "description": "Semi",
                    "associatedNodeID": "",
                    "position": [6.091738700866699, 16.647216796875, 11.124897003173828],
                    "orientation": [-1.0, -0.0, -0.0, -0.0, -1.0, -0.0, 0.0, 0.0, 1.0],
                    "selected": true,
                    "locked": false,
                    "visibility": true,
                    "positionStatus": "defined"
                },
                {
                    "id": "47",
                    "label": "mergedGridMarkupsNode-47",
                    "description": "Semi",
                    "associatedNodeID": "",
                    "position": [5.799093246459961, 17.019811630249023, 10.632574081420898],
                    "orientation": [-1.0, -0.0, -0.0, -0.0, -1.0, -0.0, 0.0, 0.0, 1.0],
                    "selected": true,
                    "locked": false,
                    "visibility": true,
                    "positionStatus": "defined"
                },
                {
                    "id": "48",
                    "label": "mergedGridMarkupsNode-48",
                    "description": "Semi",
                    "associatedNodeID": "",
                    "position": [5.504817962646484, 17.39250373840332, 10.12088394165039],
                    "orientation": [-1.0, -0.0, -0.0, -0.0, -1.0, -0.0, 0.0, 0.0, 1.0],
                    "selected": true,
                    "locked": false,
                    "visibility": true,
                    "positionStatus": "defined"
                },
                {
                    "id": "50",
                    "label": "mergedGridMarkupsNode-50",
                    "description": "Semi",
                    "associatedNodeID": "",
                    "position": [6.934433460235596, 14.544419288635254, 12.48735237121582],
                    "orientation": [-1.0, -0.0, -0.0, -0.0, -1.0, -0.0, 0.0, 0.0, 1.0],
                    "selected": true,
                    "locked": false,
                    "visibility": true,
                    "positionStatus": "defined"
                },
                {
                    "id": "51",
                    "label": "mergedGridMarkupsNode-51",
                    "description": "Semi",
                    "associatedNodeID": "",
                    "position": [6.487109184265137, 14.9889497756958, 11.969554901123047],
                    "orientation": [-1.0, -0.0, -0.0, -0.0, -1.0, -0.0, 0.0, 0.0, 1.0],
                    "selected": true,
                    "locked": false,
                    "visibility": true,
                    "positionStatus": "defined"
                },
                {
                    "id": "52",
                    "label": "mergedGridMarkupsNode-52",
                    "description": "Semi",
                    "associatedNodeID": "",
                    "position": [5.962043762207031, 15.459012031555176, 11.470451354980469],
                    "orientation": [-1.0, -0.0, -0.0, -0.0, -1.0, -0.0, 0.0, 0.0, 1.0],
                    "selected": true,
                    "locked": false,
                    "visibility": true,
                    "positionStatus": "defined"
                },
                {
                    "id": "53",
                    "label": "mergedGridMarkupsNode-53",
                    "description": "Semi",
                    "associatedNodeID": "",
                    "position": [5.578307151794434, 15.894558906555176, 11.025084495544434],
                    "orientation": [-1.0, -0.0, -0.0, -0.0, -1.0, -0.0, 0.0, 0.0, 1.0],
                    "selected": true,
                    "locked": false,
                    "visibility": true,
                    "positionStatus": "defined"
                },
                {
                    "id": "54",
                    "label": "mergedGridMarkupsNode-54",
                    "description": "Semi",
                    "associatedNodeID": "",
                    "position": [5.1618266105651855, 16.35990333557129, 10.443483352661133],
                    "orientation": [-1.0, -0.0, -0.0, -0.0, -1.0, -0.0, 0.0, 0.0, 1.0],
                    "selected": true,
                    "locked": false,
                    "visibility": true,
                    "positionStatus": "defined"
                },
                {
                    "id": "55",
                    "label": "mergedGridMarkupsNode-55",
                    "description": "Semi",
                    "associatedNodeID": "",
                    "position": [4.853089809417725, 16.816814422607422, 9.81966781616211],
                    "orientation": [-1.0, -0.0, -0.0, -0.0, -1.0, -0.0, 0.0, 0.0, 1.0],
                    "selected": true,
                    "locked": false,
                    "visibility": true,
                    "positionStatus": "defined"
                },
                {
                    "id": "56",
                    "label": "mergedGridMarkupsNode-56",
                    "description": "Semi",
                    "associatedNodeID": "",
                    "position": [4.741446495056152, 17.21552085876465, 9.061184883117676],
                    "orientation": [-1.0, -0.0, -0.0, -0.0, -1.0, -0.0, 0.0, 0.0, 1.0],
                    "selected": true,
                    "locked": false,
                    "visibility": true,
                    "positionStatus": "defined"
                },
                {
                    "id": "57",
                    "label": "mergedGridMarkupsNode-57",
                    "description": "Semi",
                    "associatedNodeID": "",
                    "position": [6.8530731201171875, 13.795639991760254, 12.65937328338623],
                    "orientation": [-1.0, -0.0, -0.0, -0.0, -1.0, -0.0, 0.0, 0.0, 1.0],
                    "selected": true,
                    "locked": false,
                    "visibility": true,
                    "positionStatus": "defined"
                },
                {
                    "id": "58",
                    "label": "mergedGridMarkupsNode-58",
                    "description": "Semi",
                    "associatedNodeID": "",
                    "position": [6.2845025062561035, 14.24470329284668, 12.03525447845459],
                    "orientation": [-1.0, -0.0, -0.0, -0.0, -1.0, -0.0, 0.0, 0.0, 1.0],
                    "selected": true,
                    "locked": false,
                    "visibility": true,
                    "positionStatus": "defined"
                },
                {
                    "id": "59",
                    "label": "mergedGridMarkupsNode-59",
                    "description": "Semi",
                    "associatedNodeID": "",
                    "position": [5.76008415222168, 14.76952075958252, 11.483952522277832],
                    "orientation": [-1.0, -0.0, -0.0, -0.0, -1.0, -0.0, 0.0, 0.0, 1.0],
                    "selected": true,
                    "locked": false,
                    "visibility": true,
                    "positionStatus": "defined"
                },
                {
                    "id": "60",
                    "label": "mergedGridMarkupsNode-60",
                    "description": "Semi",
                    "associatedNodeID": "",
                    "position": [5.21059513092041, 15.256884574890137, 10.88907241821289],
                    "orientation": [-1.0, -0.0, -0.0, -0.0, -1.0, -0.0, 0.0, 0.0, 1.0],
                    "selected": true,
                    "locked": false,
                    "visibility": true,
                    "positionStatus": "defined"
                },
                {
                    "id": "61",
                    "label": "mergedGridMarkupsNode-61",
                    "description": "Semi",
                    "associatedNodeID": "",
                    "position": [4.73635196685791, 15.739956855773926, 10.229164123535156],
                    "orientation": [-1.0, -0.0, -0.0, -0.0, -1.0, -0.0, 0.0, 0.0, 1.0],
                    "selected": true,
                    "locked": false,
                    "visibility": true,
                    "positionStatus": "defined"
                },
                {
                    "id": "62",
                    "label": "mergedGridMarkupsNode-62",
                    "description": "Semi",
                    "associatedNodeID": "",
                    "position": [4.339455604553223, 16.225385665893555, 9.484609603881836],
                    "orientation": [-1.0, -0.0, -0.0, -0.0, -1.0, -0.0, 0.0, 0.0, 1.0],
                    "selected": true,
                    "locked": false,
                    "visibility": true,
                    "positionStatus": "defined"
                },
                {
                    "id": "63",
                    "label": "mergedGridMarkupsNode-63",
                    "description": "Semi",
                    "associatedNodeID": "",
                    "position": [4.094413757324219, 16.756546020507813, 8.641539573669434],
                    "orientation": [-1.0, -0.0, -0.0, -0.0, -1.0, -0.0, 0.0, 0.0, 1.0],
                    "selected": true,
                    "locked": false,
                    "visibility": true,
                    "positionStatus": "defined"
                },
                {
                    "id": "64",
                    "label": "mergedGridMarkupsNode-64",
                    "description": "Semi",
                    "associatedNodeID": "",
                    "position": [6.802145004272461, 13.040397644042969, 12.707403182983398],
                    "orientation": [-1.0, -0.0, -0.0, -0.0, -1.0, -0.0, 0.0, 0.0, 1.0],
                    "selected": true,
                    "locked": false,
                    "visibility": true,
                    "positionStatus": "defined"
                },
                {
                    "id": "65",
                    "label": "mergedGridMarkupsNode-65",
                    "description": "Semi",
                    "associatedNodeID": "",
                    "position": [6.152662754058838, 13.537386894226074, 12.044694900512695],
                    "orientation": [-1.0, -0.0, -0.0, -0.0, -1.0, -0.0, 0.0, 0.0, 1.0],
                    "selected": true,
                    "locked": false,
                    "visibility": true,
                    "positionStatus": "defined"
                },
                {
                    "id": "66",
                    "label": "mergedGridMarkupsNode-66",
                    "description": "Semi",
                    "associatedNodeID": "",
                    "position": [5.522194862365723, 14.013054847717285, 11.395951271057129],
                    "orientation": [-1.0, -0.0, -0.0, -0.0, -1.0, -0.0, 0.0, 0.0, 1.0],
                    "selected": true,
                    "locked": false,
                    "visibility": true,
                    "positionStatus": "defined"
                },
                {
                    "id": "67",
                    "label": "mergedGridMarkupsNode-67",
                    "description": "Semi",
                    "associatedNodeID": "",
                    "position": [4.905642032623291, 14.534658432006836, 10.691129684448242],
                    "orientation": [-1.0, -0.0, -0.0, -0.0, -1.0, -0.0, 0.0, 0.0, 1.0],
                    "selected": true,
                    "locked": false,
                    "visibility": true,
                    "positionStatus": "defined"
                },
                {
                    "id": "68",
                    "label": "mergedGridMarkupsNode-68",
                    "description": "Semi",
                    "associatedNodeID": "",
                    "position": [4.367538928985596, 15.068986892700195, 9.920741081237793],
                    "orientation": [-1.0, -0.0, -0.0, -0.0, -1.0, -0.0, 0.0, 0.0, 1.0],
                    "selected": true,
                    "locked": false,
                    "visibility": true,
                    "positionStatus": "defined"
                },
                {
                    "id": "69",
                    "label": "mergedGridMarkupsNode-69",
                    "description": "Semi",
                    "associatedNodeID": "",
                    "position": [3.9242098331451416, 15.587203979492188, 9.050385475158691],
                    "orientation": [-1.0, -0.0, -0.0, -0.0, -1.0, -0.0, 0.0, 0.0, 1.0],
                    "selected": true,
                    "locked": false,
                    "visibility": true,
                    "positionStatus": "defined"
                },
                {
                    "id": "70",
                    "label": "mergedGridMarkupsNode-70",
                    "description": "Semi",
                    "associatedNodeID": "",
                    "position": [3.7038638591766357, 16.14302635192871, 8.062479972839355],
                    "orientation": [-1.0, -0.0, -0.0, -0.0, -1.0, -0.0, 0.0, 0.0, 1.0],
                    "selected": true,
                    "locked": false,
                    "visibility": true,
                    "positionStatus": "defined"
                },
                {
                    "id": "71",
                    "label": "mergedGridMarkupsNode-71",
                    "description": "Semi",
                    "associatedNodeID": "",
                    "position": [6.830295085906982, 12.272209167480469, 12.69049072265625],
                    "orientation": [-1.0, -0.0, -0.0, -0.0, -1.0, -0.0, 0.0, 0.0, 1.0],
                    "selected": true,
                    "locked": false,
                    "visibility": true,
                    "positionStatus": "defined"
                },
                {
                    "id": "72",
                    "label": "mergedGridMarkupsNode-72",
                    "description": "Semi",
                    "associatedNodeID": "",
                    "position": [6.066314697265625, 12.744561195373535, 11.968889236450195],
                    "orientation": [-1.0, -0.0, -0.0, -0.0, -1.0, -0.0, 0.0, 0.0, 1.0],
                    "selected": true,
                    "locked": false,
                    "visibility": true,
                    "positionStatus": "defined"
                },
                {
                    "id": "73",
                    "label": "mergedGridMarkupsNode-73",
                    "description": "Semi",
                    "associatedNodeID": "",
                    "position": [5.354071140289307, 13.25114631652832, 11.255118370056152],
                    "orientation": [-1.0, -0.0, -0.0, -0.0, -1.0, -0.0, 0.0, 0.0, 1.0],
                    "selected": true,
                    "locked": false,
                    "visibility": true,
                    "positionStatus": "defined"
                },
                {
                    "id": "74",
                    "label": "mergedGridMarkupsNode-74",
                    "description": "Semi",
                    "associatedNodeID": "",
                    "position": [4.672940254211426, 13.77236270904541, 10.424934387207031],
                    "orientation": [-1.0, -0.0, -0.0, -0.0, -1.0, -0.0, 0.0, 0.0, 1.0],
                    "selected": true,
                    "locked": false,
                    "visibility": true,
                    "positionStatus": "defined"
                },
                {
                    "id": "75",
                    "label": "mergedGridMarkupsNode-75",
                    "description": "Semi",
                    "associatedNodeID": "",
                    "position": [4.091073989868164, 14.326780319213867, 9.514421463012695],
                    "orientation": [-1.0, -0.0, -0.0, -0.0, -1.0, -0.0, 0.0, 0.0, 1.0],
                    "selected": true,
                    "locked": false,
                    "visibility": true,
                    "positionStatus": "defined"
                },
                {
                    "id": "76",
                    "label": "mergedGridMarkupsNode-76",
                    "description": "Semi",
                    "associatedNodeID": "",
                    "position": [3.6318271160125732, 14.892361640930176, 8.565905570983887],
                    "orientation": [-1.0, -0.0, -0.0, -0.0, -1.0, -0.0, 0.0, 0.0, 1.0],
                    "selected": true,
                    "locked": false,
                    "visibility": true,
                    "positionStatus": "defined"
                },
                {
                    "id": "77",
                    "label": "mergedGridMarkupsNode-77",
                    "description": "Semi",
                    "associatedNodeID": "",
                    "position": [3.427208423614502, 15.473542213439941, 7.5294575691223145],
                    "orientation": [-1.0, -0.0, -0.0, -0.0, -1.0, -0.0, 0.0, 0.0, 1.0],
                    "selected": true,
                    "locked": false,
                    "visibility": true,
                    "positionStatus": "defined"
                },
                {
                    "id": "78",
                    "label": "mergedGridMarkupsNode-78",
                    "description": "Semi",
                    "associatedNodeID": "",
                    "position": [6.93298864364624, 11.503912925720215, 12.647441864013672],
                    "orientation": [-1.0, -0.0, -0.0, -0.0, -1.0, -0.0, 0.0, 0.0, 1.0],
                    "selected": true,
                    "locked": false,
                    "visibility": true,
                    "positionStatus": "defined"
                },
                {
                    "id": "79",
                    "label": "mergedGridMarkupsNode-79",
                    "description": "Semi",
                    "associatedNodeID": "",
                    "position": [6.073547840118408, 12.024808883666992, 11.876235961914063],
                    "orientation": [-1.0, -0.0, -0.0, -0.0, -1.0, -0.0, 0.0, 0.0, 1.0],
                    "selected": true,
                    "locked": false,
                    "visibility": true,
                    "positionStatus": "defined"
                },
                {
                    "id": "80",
                    "label": "mergedGridMarkupsNode-80",
                    "description": "Semi",
                    "associatedNodeID": "",
                    "position": [5.270873069763184, 12.471704483032227, 11.035263061523438],
                    "orientation": [-1.0, -0.0, -0.0, -0.0, -1.0, -0.0, 0.0, 0.0, 1.0],
                    "selected": true,
                    "locked": false,
                    "visibility": true,
                    "positionStatus": "defined"
                },
                {
                    "id": "81",
                    "label": "mergedGridMarkupsNode-81",
                    "description": "Semi",
                    "associatedNodeID": "",
                    "position": [4.566558361053467, 13.014652252197266, 10.074657440185547],
                    "orientation": [-1.0, -0.0, -0.0, -0.0, -1.0, -0.0, 0.0, 0.0, 1.0],
                    "selected": true,
                    "locked": false,
                    "visibility": true,
                    "positionStatus": "defined"
                },
                {
                    "id": "82",
                    "label": "mergedGridMarkupsNode-82",
                    "description": "Semi",
                    "associatedNodeID": "",
                    "position": [3.9657208919525146, 13.569123268127441, 9.07205581665039],
                    "orientation": [-1.0, -0.0, -0.0, -0.0, -1.0, -0.0, 0.0, 0.0, 1.0],
                    "selected": true,
                    "locked": false,
                    "visibility": true,
                    "positionStatus": "defined"
                },
                {
                    "id": "83",
                    "label": "mergedGridMarkupsNode-83",
                    "description": "Semi",
                    "associatedNodeID": "",
                    "position": [3.4946088790893555, 14.159158706665039, 8.039175987243652],
                    "orientation": [-1.0, -0.0, -0.0, -0.0, -1.0, -0.0, 0.0, 0.0, 1.0],
                    "selected": true,
                    "locked": false,
                    "visibility": true,
                    "positionStatus": "defined"
                },
                {
                    "id": "84",
                    "label": "mergedGridMarkupsNode-84",
                    "description": "Semi",
                    "associatedNodeID": "",
                    "position": [3.2959158420562744, 14.753448486328125, 6.933475494384766],
                    "orientation": [-1.0, -0.0, -0.0, -0.0, -1.0, -0.0, 0.0, 0.0, 1.0],
                    "selected": true,
                    "locked": false,
                    "visibility": true,
                    "positionStatus": "defined"
                },
                {
                    "id": "86",
                    "label": "mergedGridMarkupsNode-86",
                    "description": "Semi",
                    "associatedNodeID": "",
                    "position": [6.126187324523926, 11.2211275100708, 11.708778381347656],
                    "orientation": [-1.0, -0.0, -0.0, -0.0, -1.0, -0.0, 0.0, 0.0, 1.0],
                    "selected": true,
                    "locked": false,
                    "visibility": true,
                    "positionStatus": "defined"
                },
                {
                    "id": "87",
                    "label": "mergedGridMarkupsNode-87",
                    "description": "Semi",
                    "associatedNodeID": "",
                    "position": [5.269136905670166, 11.71844482421875, 10.689064025878906],
                    "orientation": [-1.0, -0.0, -0.0, -0.0, -1.0, -0.0, 0.0, 0.0, 1.0],
                    "selected": true,
                    "locked": false,
                    "visibility": true,
                    "positionStatus": "defined"
                },
                {
                    "id": "88",
                    "label": "mergedGridMarkupsNode-88",
                    "description": "Semi",
                    "associatedNodeID": "",
                    "position": [4.5575737953186035, 12.238407135009766, 9.649170875549316],
                    "orientation": [-1.0, -0.0, -0.0, -0.0, -1.0, -0.0, 0.0, 0.0, 1.0],
                    "selected": true,
                    "locked": false,
                    "visibility": true,
                    "positionStatus": "defined"
                },
                {
                    "id": "89",
                    "label": "mergedGridMarkupsNode-89",
                    "description": "Semi",
                    "associatedNodeID": "",
                    "position": [3.9399313926696777, 12.84744644165039, 8.556968688964844],
                    "orientation": [-1.0, -0.0, -0.0, -0.0, -1.0, -0.0, 0.0, 0.0, 1.0],
                    "selected": true,
                    "locked": false,
                    "visibility": true,
                    "positionStatus": "defined"
                },
                {
                    "id": "90",
                    "label": "mergedGridMarkupsNode-90",
                    "description": "Semi",
                    "associatedNodeID": "",
                    "position": [3.490814208984375, 13.43686294555664, 7.462739944458008],
                    "orientation": [-1.0, -0.0, -0.0, -0.0, -1.0, -0.0, 0.0, 0.0, 1.0],
                    "selected": true,
                    "locked": false,
                    "visibility": true,
                    "positionStatus": "defined"
                },
                {
                    "id": "92",
                    "label": "mergedGridMarkupsNode-92",
                    "description": "Fixed",
                    "associatedNodeID": "",
                    "position": [16.2572, 5.39817, 17.222],
                    "orientation": [-1.0, -0.0, -0.0, -0.0, -1.0, -0.0, 0.0, 0.0, 1.0],
                    "selected": true,
                    "locked": false,
                    "visibility": true,
                    "positionStatus": "defined"
                },
                {
                    "id": "93",
                    "label": "mergedGridMarkupsNode-93",
                    "description": "Fixed",
                    "associatedNodeID": "",
                    "position": [15.7326, 7.69369, 16.4638],
                    "orientation": [-1.0, -0.0, -0.0, -0.0, -1.0, -0.0, 0.0, 0.0, 1.0],
                    "selected": true,
                    "locked": false,
                    "visibility": true,
                    "positionStatus": "defined"
                },
                {
                    "id": "94",
                    "label": "mergedGridMarkupsNode-94",
                    "description": "Fixed",
                    "associatedNodeID": "",
                    "position": [14.1455, 6.04489, 15.9491],
                    "orientation": [-1.0, -0.0, -0.0, -0.0, -1.0, -0.0, 0.0, 0.0, 1.0],
                    "selected": true,
                    "locked": false,
                    "visibility": true,
                    "positionStatus": "defined"
                },
                {
                    "id": "95",
                    "label": "mergedGridMarkupsNode-95",
                    "description": "Fixed",
                    "associatedNodeID": "",
                    "position": [13.775, 10.5956, 15.9794],
                    "orientation": [-1.0, -0.0, -0.0, -0.0, -1.0, -0.0, 0.0, 0.0, 1.0],
                    "selected": true,
                    "locked": false,
                    "visibility": true,
                    "positionStatus": "defined"
                },
                {
                    "id": "96",
                    "label": "mergedGridMarkupsNode-96",
                    "description": "Fixed",
                    "associatedNodeID": "",
                    "position": [10.7703, 8.25883, 15.0278],
                    "orientation": [-1.0, -0.0, -0.0, -0.0, -1.0, -0.0, 0.0, 0.0, 1.0],
                    "selected": true,
                    "locked": false,
                    "visibility": true,
                    "positionStatus": "defined"
                },
                {
                    "id": "97",
                    "label": "mergedGridMarkupsNode-97",
                    "description": "Fixed",
                    "associatedNodeID": "",
                    "position": [11.9523, 10.985, 15.7686],
                    "orientation": [-1.0, -0.0, -0.0, -0.0, -1.0, -0.0, 0.0, 0.0, 1.0],
                    "selected": true,
                    "locked": false,
                    "visibility": true,
                    "positionStatus": "defined"
                },
                {
                    "id": "98",
                    "label": "mergedGridMarkupsNode-98",
                    "description": "Fixed",
                    "associatedNodeID": "",
                    "position": [10.7376, 9.73229, 15.4149],
                    "orientation": [-1.0, -0.0, -0.0, -0.0, -1.0, -0.0, 0.0, 0.0, 1.0],
                    "selected": true,
                    "locked": false,
                    "visibility": true,
                    "positionStatus": "defined"
                },
                {
                    "id": "99",
                    "label": "mergedGridMarkupsNode-99",
                    "description": "Fixed",
                    "associatedNodeID": "",
                    "position": [15.6028, 14.2769, 12.7691],
                    "orientation": [-1.0, -0.0, -0.0, -0.0, -1.0, -0.0, 0.0, 0.0, 1.0],
                    "selected": true,
                    "locked": false,
                    "visibility": true,
                    "positionStatus": "defined"
                },
                {
                    "id": "100",
                    "label": "mergedGridMarkupsNode-100",
                    "description": "Fixed",
                    "associatedNodeID": "",
                    "position": [8.75836, 6.98466, 10.6063],
                    "orientation": [-1.0, -0.0, -0.0, -0.0, -1.0, -0.0, 0.0, 0.0, 1.0],
                    "selected": true,
                    "locked": false,
                    "visibility": true,
                    "positionStatus": "defined"
                },
                {
                    "id": "101",
                    "label": "mergedGridMarkupsNode-101",
                    "description": "Fixed",
                    "associatedNodeID": "",
                    "position": [11.211, 15.3541, 13.8286],
                    "orientation": [-1.0, -0.0, -0.0, -0.0, -1.0, -0.0, 0.0, 0.0, 1.0],
                    "selected": true,
                    "locked": false,
                    "visibility": true,
                    "positionStatus": "defined"
                },
                {
                    "id": "102",
                    "label": "mergedGridMarkupsNode-102",
                    "description": "Fixed",
                    "associatedNodeID": "",
                    "position": [7.08831, 10.795, 12.6137],
                    "orientation": [-1.0, -0.0, -0.0, -0.0, -1.0, -0.0, 0.0, 0.0, 1.0],
                    "selected": true,
                    "locked": false,
                    "visibility": true,
                    "positionStatus": "defined"
                },
                {
                    "id": "103",
                    "label": "mergedGridMarkupsNode-103",
                    "description": "Fixed",
                    "associatedNodeID": "",
                    "position": [14.8533, 16.8006, 10.1847],
                    "orientation": [-1.0, -0.0, -0.0, -0.0, -1.0, -0.0, 0.0, 0.0, 1.0],
                    "selected": true,
                    "locked": false,
                    "visibility": true,
                    "positionStatus": "defined"
                },
                {
                    "id": "104",
                    "label": "mergedGridMarkupsNode-104",
                    "description": "Fixed",
                    "associatedNodeID": "",
                    "position": [7.05616, 15.283, 12.194],
                    "orientation": [-1.0, -0.0, -0.0, -0.0, -1.0, -0.0, 0.0, 0.0, 1.0],
                    "selected": true,
                    "locked": false,
                    "visibility": true,
                    "positionStatus": "defined"
                },
                {
                    "id": "105",
                    "label": "mergedGridMarkupsNode-105",
                    "description": "Fixed",
                    "associatedNodeID": "",
                    "position": [7.02268, 8.44575, 7.75948],
                    "orientation": [-1.0, -0.0, -0.0, -0.0, -1.0, -0.0, 0.0, 0.0, 1.0],
                    "selected": true,
                    "locked": false,
                    "visibility": true,
                    "positionStatus": "defined"
                },
                {
                    "id": "106",
                    "label": "mergedGridMarkupsNode-106",
                    "description": "Fixed",
                    "associatedNodeID": "",
                    "position": [9.43243, 20.7746, 8.39549],
                    "orientation": [-1.0, -0.0, -0.0, -0.0, -1.0, -0.0, 0.0, 0.0, 1.0],
                    "selected": true,
                    "locked": false,
                    "visibility": true,
                    "positionStatus": "defined"
                },
                {
                    "id": "107",
                    "label": "mergedGridMarkupsNode-107",
                    "description": "Fixed",
                    "associatedNodeID": "",
                    "position": [5.32037, 17.7003, 9.4599],
                    "orientation": [-1.0, -0.0, -0.0, -0.0, -1.0, -0.0, 0.0, 0.0, 1.0],
                    "selected": true,
                    "locked": false,
                    "visibility": true,
                    "positionStatus": "defined"
                },
                {
                    "id": "108",
                    "label": "mergedGridMarkupsNode-108",
                    "description": "Fixed",
                    "associatedNodeID": "",
                    "position": [3.28265, 14.1581, 6.29299],
                    "orientation": [-1.0, -0.0, -0.0, -0.0, -1.0, -0.0, 0.0, 0.0, 1.0],
                    "selected": true,
                    "locked": false,
                    "visibility": true,
                    "positionStatus": "defined"
                },
                {
                    "id": "109",
                    "label": "mergedGridMarkupsNode-109",
                    "description": "Fixed",
                    "associatedNodeID": "",
                    "position": [8.1149, 21.1995, 6.66012],
                    "orientation": [-1.0, -0.0, -0.0, -0.0, -1.0, -0.0, 0.0, 0.0, 1.0],
                    "selected": true,
                    "locked": false,
                    "visibility": true,
                    "positionStatus": "defined"
                },
                {
                    "id": "110",
                    "label": "mergedGridMarkupsNode-110",
                    "description": "Fixed",
                    "associatedNodeID": "",
                    "position": [4.65808, 19.741, 6.19797],
                    "orientation": [-1.0, -0.0, -0.0, -0.0, -1.0, -0.0, 0.0, 0.0, 1.0],
                    "selected": true,
                    "locked": false,
                    "visibility": true,
                    "positionStatus": "defined"
                },
                {
                    "id": "111",
                    "label": "mergedGridMarkupsNode-111",
                    "description": "Fixed",
                    "associatedNodeID": "",
                    "position": [3.17682, 15.9545, 4.99563],
                    "orientation": [-1.0, -0.0, -0.0, -0.0, -1.0, -0.0, 0.0, 0.0, 1.0],
                    "selected": true,
                    "locked": false,
                    "visibility": true,
                    "positionStatus": "defined"
                },
                {
                    "id": "112",
                    "label": "mergedGridMarkupsNode-112",
                    "description": "Fixed",
                    "associatedNodeID": "",
                    "position": [5.80898, 19.3668, 3.17757],
                    "orientation": [-1.0, -0.0, -0.0, -0.0, -1.0, -0.0, 0.0, 0.0, 1.0],
                    "selected": true,
                    "locked": false,
                    "visibility": true,
                    "positionStatus": "defined"
                },
                {
                    "id": "113",
                    "label": "mergedGridMarkupsNode-113",
                    "description": "Fixed",
                    "associatedNodeID": "",
                    "position": [4.97517, 12.7023, 3.9702],
                    "orientation": [-1.0, -0.0, -0.0, -0.0, -1.0, -0.0, 0.0, 0.0, 1.0],
                    "selected": true,
                    "locked": false,
                    "visibility": true,
                    "positionStatus": "defined"
                },
                {
                    "id": "114",
                    "label": "mergedGridMarkupsNode-114",
                    "description": "Fixed",
                    "associatedNodeID": "",
                    "position": [4.98174, 11.1992, 7.51759],
                    "orientation": [-1.0, -0.0, -0.0, -0.0, -1.0, -0.0, 0.0, 0.0, 1.0],
                    "selected": true,
                    "locked": false,
                    "visibility": true,
                    "positionStatus": "defined"
                },
                {
                    "id": "115",
                    "label": "mergedGridMarkupsNode-115",
                    "description": "Fixed",
                    "associatedNodeID": "",
                    "position": [5.95785, 11.4644, 6.00036],
                    "orientation": [-1.0, -0.0, -0.0, -0.0, -1.0, -0.0, 0.0, 0.0, 1.0],
                    "selected": true,
                    "locked": false,
                    "visibility": true,
                    "positionStatus": "defined"
                },
                {
                    "id": "116",
                    "label": "mergedGridMarkupsNode-116",
                    "description": "Fixed",
                    "associatedNodeID": "",
                    "position": [11.7459, 19.7785, 6.22533],
                    "orientation": [-1.0, -0.0, -0.0, -0.0, -1.0, -0.0, 0.0, 0.0, 1.0],
                    "selected": true,
                    "locked": false,
                    "visibility": true,
                    "positionStatus": "defined"
                },
                {
                    "id": "117",
                    "label": "mergedGridMarkupsNode-117",
                    "description": "Fixed",
                    "associatedNodeID": "",
                    "position": [12.0589, 18.9074, 9.57688],
                    "orientation": [-1.0, -0.0, -0.0, -0.0, -1.0, -0.0, 0.0, 0.0, 1.0],
                    "selected": true,
                    "locked": false,
                    "visibility": true,
                    "positionStatus": "defined"
                },
                {
                    "id": "118",
                    "label": "mergedGridMarkupsNode-118",
                    "description": "Fixed",
                    "associatedNodeID": "",
                    "position": [12.3374, 18.2018, 8.19545],
                    "orientation": [-1.0, -0.0, -0.0, -0.0, -1.0, -0.0, 0.0, 0.0, 1.0],
                    "selected": true,
                    "locked": false,
                    "visibility": true,
                    "positionStatus": "defined"
                },
                {
                    "id": "119",
                    "label": "mergedGridMarkupsNode-119",
                    "description": "Fixed",
                    "associatedNodeID": "",
                    "position": [17.2674, 5.08263, 14.8157],
                    "orientation": [-1.0, -0.0, -0.0, -0.0, -1.0, -0.0, 0.0, 0.0, 1.0],
                    "selected": true,
                    "locked": false,
                    "visibility": true,
                    "positionStatus": "defined"
                },
                {
                    "id": "120",
                    "label": "mergedGridMarkupsNode-120",
                    "description": "Fixed",
                    "associatedNodeID": "",
                    "position": [16.3531, 6.22592, 13.7956],
                    "orientation": [-1.0, -0.0, -0.0, -0.0, -1.0, -0.0, 0.0, 0.0, 1.0],
                    "selected": true,
                    "locked": false,
                    "visibility": true,
                    "positionStatus": "defined"
                },
                {
                    "id": "121",
                    "label": "mergedGridMarkupsNode-121",
                    "description": "Fixed",
                    "associatedNodeID": "",
                    "position": [15.6884, 6.62718, 13.3233],
                    "orientation": [-1.0, -0.0, -0.0, -0.0, -1.0, -0.0, 0.0, 0.0, 1.0],
                    "selected": true,
                    "locked": false,
                    "visibility": true,
                    "positionStatus": "defined"
                },
                {
                    "id": "122",
                    "label": "mergedGridMarkupsNode-122",
                    "description": "Fixed",
                    "associatedNodeID": "",
                    "position": [16.0759, 6.97143, 13.4068],
                    "orientation": [-1.0, -0.0, -0.0, -0.0, -1.0, -0.0, 0.0, 0.0, 1.0],
                    "selected": true,
                    "locked": false,
                    "visibility": true,
                    "positionStatus": "defined"
                },
                {
                    "id": "123",
                    "label": "mergedGridMarkupsNode-123",
                    "description": "Fixed",
                    "associatedNodeID": "",
                    "position": [14.4028, 7.0206, 12.1801],
                    "orientation": [-1.0, -0.0, -0.0, -0.0, -1.0, -0.0, 0.0, 0.0, 1.0],
                    "selected": true,
                    "locked": false,
                    "visibility": true,
                    "positionStatus": "defined"
                },
                {
                    "id": "124",
                    "label": "mergedGridMarkupsNode-124",
                    "description": "Fixed",
                    "associatedNodeID": "",
                    "position": [15.8154, 8.55528, 12.6275],
                    "orientation": [-1.0, -0.0, -0.0, -0.0, -1.0, -0.0, 0.0, 0.0, 1.0],
                    "selected": true,
                    "locked": false,
                    "visibility": true,
                    "positionStatus": "defined"
                },
                {
                    "id": "125",
                    "label": "mergedGridMarkupsNode-125",
                    "description": "Fixed",
                    "associatedNodeID": "",
                    "position": [12.8403, 6.90826, 11.5036],
                    "orientation": [-1.0, -0.0, -0.0, -0.0, -1.0, -0.0, 0.0, 0.0, 1.0],
                    "selected": true,
                    "locked": false,
                    "visibility": true,
                    "positionStatus": "defined"
                },
                {
                    "id": "126",
                    "label": "mergedGridMarkupsNode-126",
                    "description": "Fixed",
                    "associatedNodeID": "",
                    "position": [15.9102, 10.1182, 12.5795],
                    "orientation": [-1.0, -0.0, -0.0, -0.0, -1.0, -0.0, 0.0, 0.0, 1.0],
                    "selected": true,
                    "locked": false,
                    "visibility": true,
                    "positionStatus": "defined"
                },
                {
                    "id": "127",
                    "label": "mergedGridMarkupsNode-127",
                    "description": "Fixed",
                    "associatedNodeID": "",
                    "position": [12.8048, 7.96522, 10.662],
                    "orientation": [-1.0, -0.0, -0.0, -0.0, -1.0, -0.0, 0.0, 0.0, 1.0],
                    "selected": true,
                    "locked": false,
                    "visibility": true,
                    "positionStatus": "defined"
                },
                {
                    "id": "128",
                    "label": "mergedGridMarkupsNode-128",
                    "description": "Fixed",
                    "associatedNodeID": "",
                    "position": [15.0677, 10.4976, 11.4308],
                    "orientation": [-1.0, -0.0, -0.0, -0.0, -1.0, -0.0, 0.0, 0.0, 1.0],
                    "selected": true,
                    "locked": false,
                    "visibility": true,
                    "positionStatus": "defined"
                },
                {
                    "id": "129",
                    "label": "mergedGridMarkupsNode-129",
                    "description": "Fixed",
                    "associatedNodeID": "",
                    "position": [13.1233, 9.52188, 10.7463],
                    "orientation": [-1.0, -0.0, -0.0, -0.0, -1.0, -0.0, 0.0, 0.0, 1.0],
                    "selected": true,
                    "locked": false,
                    "visibility": true,
                    "positionStatus": "defined"
                },
                {
                    "id": "130",
                    "label": "mergedGridMarkupsNode-130",
                    "description": "Fixed",
                    "associatedNodeID": "",
                    "position": [13.713, 10.096, 10.9729],
                    "orientation": [-1.0, -0.0, -0.0, -0.0, -1.0, -0.0, 0.0, 0.0, 1.0],
                    "selected": true,
                    "locked": false,
                    "visibility": true,
                    "positionStatus": "defined"
                },
                {
                    "id": "131",
                    "label": "mergedGridMarkupsNode-131",
                    "description": "Fixed",
                    "associatedNodeID": "",
                    "position": [12.3104, 10.4135, 9.31419],
                    "orientation": [-1.0, -0.0, -0.0, -0.0, -1.0, -0.0, 0.0, 0.0, 1.0],
                    "selected": true,
                    "locked": false,
                    "visibility": true,
                    "positionStatus": "defined"
                },
                {
                    "id": "132",
                    "label": "mergedGridMarkupsNode-132",
                    "description": "Fixed",
                    "associatedNodeID": "",
                    "position": [13.0734, 11.3283, 9.609],
                    "orientation": [-1.0, -0.0, -0.0, -0.0, -1.0, -0.0, 0.0, 0.0, 1.0],
                    "selected": true,
                    "locked": false,
                    "visibility": true,
                    "positionStatus": "defined"
                },
                {
                    "id": "133",
                    "label": "mergedGridMarkupsNode-133",
                    "description": "Fixed",
                    "associatedNodeID": "",
                    "position": [11.3224, 10.2756, 8.15087],
                    "orientation": [-1.0, -0.0, -0.0, -0.0, -1.0, -0.0, 0.0, 0.0, 1.0],
                    "selected": true,
                    "locked": false,
                    "visibility": true,
                    "positionStatus": "defined"
                },
                {
                    "id": "134",
                    "label": "mergedGridMarkupsNode-134",
                    "description": "Fixed",
                    "associatedNodeID": "",
                    "position": [13.4697, 12.5112, 8.82071],
                    "orientation": [-1.0, -0.0, -0.0, -0.0, -1.0, -0.0, 0.0, 0.0, 1.0],
                    "selected": true,
                    "locked": false,
                    "visibility": true,
                    "positionStatus": "defined"
                },
                {
                    "id": "135",
                    "label": "mergedGridMarkupsNode-135",
                    "description": "Fixed",
                    "associatedNodeID": "",
                    "position": [12.1219, 11.8457, 7.90411],
                    "orientation": [-1.0, -0.0, -0.0, -0.0, -1.0, -0.0, 0.0, 0.0, 1.0],
                    "selected": true,
                    "locked": false,
                    "visibility": true,
                    "positionStatus": "defined"
                },
                {
                    "id": "136",
                    "label": "mergedGridMarkupsNode-136",
                    "description": "Fixed",
                    "associatedNodeID": "",
                    "position": [11.329, 12.4764, 8.29067],
                    "orientation": [-1.0, -0.0, -0.0, -0.0, -1.0, -0.0, 0.0, 0.0, 1.0],
                    "selected": true,
                    "locked": false,
                    "visibility": true,
                    "positionStatus": "defined"
                },
                {
                    "id": "137",
                    "label": "mergedGridMarkupsNode-137",
                    "description": "Fixed",
                    "associatedNodeID": "",
                    "position": [9.62071, 13.9205, 5.13598],
                    "orientation": [-1.0, -0.0, -0.0, -0.0, -1.0, -0.0, 0.0, 0.0, 1.0],
                    "selected": true,
                    "locked": false,
                    "visibility": true,
                    "positionStatus": "defined"
                },
                {
                    "id": "138",
                    "label": "mergedGridMarkupsNode-138",
                    "description": "Fixed",
                    "associatedNodeID": "",
                    "position": [10.7237, 15.1193, 5.5867],
                    "orientation": [-1.0, -0.0, -0.0, -0.0, -1.0, -0.0, 0.0, 0.0, 1.0],
                    "selected": true,
                    "locked": false,
                    "visibility": true,
                    "positionStatus": "defined"
                },
                {
                    "id": "139",
                    "label": "mergedGridMarkupsNode-139",
                    "description": "Fixed",
                    "associatedNodeID": "",
                    "position": [6.7364, 15.4234, 2.63178],
                    "orientation": [-1.0, -0.0, -0.0, -0.0, -1.0, -0.0, 0.0, 0.0, 1.0],
                    "selected": true,
                    "locked": false,
                    "visibility": true,
                    "positionStatus": "defined"
                },
                {
                    "id": "140",
                    "label": "mergedGridMarkupsNode-140",
                    "description": "Fixed",
                    "associatedNodeID": "",
                    "position": [9.82506, 18.4163, 3.60919],
                    "orientation": [-1.0, -0.0, -0.0, -0.0, -1.0, -0.0, 0.0, 0.0, 1.0],
                    "selected": true,
                    "locked": false,
                    "visibility": true,
                    "positionStatus": "defined"
                },
                {
                    "id": "141",
                    "label": "mergedGridMarkupsNode-141",
                    "description": "Fixed",
                    "associatedNodeID": "",
                    "position": [8.76792, 16.456, 2.90126],
                    "orientation": [-1.0, -0.0, -0.0, -0.0, -1.0, -0.0, 0.0, 0.0, 1.0],
                    "selected": true,
                    "locked": false,
                    "visibility": true,
                    "positionStatus": "defined"
                },
                {
                    "id": "142",
                    "label": "mergedGridMarkupsNode-142",
                    "description": "Fixed",
                    "associatedNodeID": "",
                    "position": [10.5698, 11.213, 14.7474],
                    "orientation": [-1.0, -0.0, -0.0, -0.0, -1.0, -0.0, 0.0, 0.0, 1.0],
                    "selected": true,
                    "locked": false,
                    "visibility": true,
                    "positionStatus": "defined"
                }
            ],
            "measurements": [],
            "display": {
                "visibility": true,
                "opacity": 1.0,
                "color": [0.4, 1.0, 1.0],
                "selectedColor": [1.0, 0.0, 1.0],
                "activeColor": [0.4, 1.0, 0.0],
                "propertiesLabelVisibility": false,
                "pointLabelsVisibility": true,
                "textScale": 0.0,
                "glyphType": "Sphere3D",
                "glyphScale": 3.0,
                "glyphSize": 5.0,
                "useGlyphScale": true,
                "sliceProjection": false,
                "sliceProjectionUseFiducialColor": true,
                "sliceProjectionOutlinedBehindSlicePlane": false,
                "sliceProjectionColor": [1.0, 1.0, 1.0],
                "sliceProjectionOpacity": 0.6,
                "lineThickness": 0.2,
                "lineColorFadingStart": 1.0,
                "lineColorFadingEnd": 10.0,
                "lineColorFadingSaturation": 1.0,
                "lineColorFadingHueOffset": 0.0,
                "handlesInteractive": false,
                "translationHandleVisibility": true,
                "rotationHandleVisibility": true,
                "scaleHandleVisibility": false,
                "interactionHandleScale": 3.0,
                "snapMode": "toVisibleSurface"
            }
        }
    ]
}