{
    "@schema": "https://raw.githubusercontent.com/slicer/slicer/master/Modules/Loadable/Markups/Resources/Schema/markups-schema-v1.0.3.json#",
    "markups": [
        {
            "type": "Fiducial",
            "coordinateSystem": "LPS",
            "coordinateUnits": "mm",
            "locked": true,
            "fixedNumberOfControlPoints": false,
            "labelFormat": "%N-%d",
            "lastUsedControlPointNumber": 142,
            "controlPoints": [
                {
                    "id": "2",
                    "label": "mergedGridMarkupsNode-2",
                    "description": "Semi",
                    "associatedNodeID": "",
                    "position": [17.28969955444336, 8.430990219116211, 12.69179916381836],
                    "orientation": [-1.0, -0.0, -0.0, -0.0, -1.0, -0.0, 0.0, 0.0, 1.0],
                    "selected": true,
                    "locked": false,
                    "visibility": true,
                    "positionStatus": "defined"
                },
                {
                    "id": "3",
                    "label": "mergedGridMarkupsNode-3",
                    "description": "Semi",
                    "associatedNodeID": "",
                    "position": [18.090354919433594, 8.093520164489746, 11.558493614196777],
                    "orientation": [-1.0, -0.0, -0.0, -0.0, -1.0, -0.0, 0.0, 0.0, 1.0],
                    "selected": true,
                    "locked": false,
                    "visibility": true,
                    "positionStatus": "defined"
                },
                {
                    "id": "4",
                    "label": "mergedGridMarkupsNode-4",
                    "description": "Semi",
                    "associatedNodeID": "",
                    "position": [18.88698387145996, 7.750567436218262, 10.421270370483398],
                    "orientation": [-1.0, -0.0, -0.0, -0.0, -1.0, -0.0, 0.0, 0.0, 1.0],
                    "selected": true,
                    "locked": false,
                    "visibility": true,
                    "positionStatus": "defined"
                },
                {
                    "id": "5",
                    "label": "mergedGridMarkupsNode-5",
                    "description": "Semi",
                    "associatedNodeID": "",
                    "position": [19.582788467407227, 7.56138277053833, 9.27799129486084],
                    "orientation": [-1.0, -0.0, -0.0, -0.0, -1.0, -0.0, 0.0, 0.0, 1.0],
                    "selected": true,
                    "locked": false,
                    "visibility": true,
                    "positionStatus": "defined"
                },
                {
                    "id": "6",
                    "label": "mergedGridMarkupsNode-6",
                    "description": "Semi",
                    "associatedNodeID": "",
                    "position": [20.061403274536133, 7.439457893371582, 8.030564308166504],
                    "orientation": [-1.0, -0.0, -0.0, -0.0, -1.0, -0.0, 0.0, 0.0, 1.0],
                    "selected": true,
                    "locked": false,
                    "visibility": true,
                    "positionStatus": "defined"
                },
                {
                    "id": "8",
                    "label": "mergedGridMarkupsNode-8",
                    "description": "Semi",
                    "associatedNodeID": "",
                    "position": [16.948646545410156, 9.196355819702148, 13.596713066101074],
                    "orientation": [-1.0, -0.0, -0.0, -0.0, -1.0, -0.0, 0.0, 0.0, 1.0],
                    "selected": true,
                    "locked": false,
                    "visibility": true,
                    "positionStatus": "defined"
                },
                {
                    "id": "9",
                    "label": "mergedGridMarkupsNode-9",
                    "description": "Semi",
                    "associatedNodeID": "",
                    "position": [17.71955108642578, 8.929758071899414, 12.537919998168945],
                    "orientation": [-1.0, -0.0, -0.0, -0.0, -1.0, -0.0, 0.0, 0.0, 1.0],
                    "selected": true,
                    "locked": false,
                    "visibility": true,
                    "positionStatus": "defined"
                },
                {
                    "id": "10",
                    "label": "mergedGridMarkupsNode-10",
                    "description": "Semi",
                    "associatedNodeID": "",
                    "position": [18.556888580322266, 8.602520942687988, 11.55986213684082],
                    "orientation": [-1.0, -0.0, -0.0, -0.0, -1.0, -0.0, 0.0, 0.0, 1.0],
                    "selected": true,
                    "locked": false,
                    "visibility": true,
                    "positionStatus": "defined"
                },
                {
                    "id": "11",
                    "label": "mergedGridMarkupsNode-11",
                    "description": "Semi",
                    "associatedNodeID": "",
                    "position": [19.294063568115234, 8.357916831970215, 10.556087493896484],
                    "orientation": [-1.0, -0.0, -0.0, -0.0, -1.0, -0.0, 0.0, 0.0, 1.0],
                    "selected": true,
                    "locked": false,
                    "visibility": true,
                    "positionStatus": "defined"
                },
                {
                    "id": "12",
                    "label": "mergedGridMarkupsNode-12",
                    "description": "Semi",
                    "associatedNodeID": "",
                    "position": [19.968862533569336, 8.117483139038086, 9.438544273376465],
                    "orientation": [-1.0, -0.0, -0.0, -0.0, -1.0, -0.0, 0.0, 0.0, 1.0],
                    "selected": true,
                    "locked": false,
                    "visibility": true,
                    "positionStatus": "defined"
                },
                {
                    "id": "13",
                    "label": "mergedGridMarkupsNode-13",
                    "description": "Semi",
                    "associatedNodeID": "",
                    "position": [20.473373413085938, 8.025177001953125, 8.243427276611328],
                    "orientation": [-1.0, -0.0, -0.0, -0.0, -1.0, -0.0, 0.0, 0.0, 1.0],
                    "selected": true,
                    "locked": false,
                    "visibility": true,
                    "positionStatus": "defined"
                },
                {
                    "id": "14",
                    "label": "mergedGridMarkupsNode-14",
                    "description": "Semi",
                    "associatedNodeID": "",
                    "position": [20.777969360351563, 8.100728988647461, 6.917535305023193],
                    "orientation": [-1.0, -0.0, -0.0, -0.0, -1.0, -0.0, 0.0, 0.0, 1.0],
                    "selected": true,
                    "locked": false,
                    "visibility": true,
                    "positionStatus": "defined"
                },
                {
                    "id": "15",
                    "label": "mergedGridMarkupsNode-15",
                    "description": "Semi",
                    "associatedNodeID": "",
                    "position": [17.425277709960938, 9.614998817443848, 13.329546928405762],
                    "orientation": [-1.0, -0.0, -0.0, -0.0, -1.0, -0.0, 0.0, 0.0, 1.0],
                    "selected": true,
                    "locked": false,
                    "visibility": true,
                    "positionStatus": "defined"
                },
                {
                    "id": "16",
                    "label": "mergedGridMarkupsNode-16",
                    "description": "Semi",
                    "associatedNodeID": "",
                    "position": [18.137893676757813, 9.410467147827148, 12.38183879852295],
                    "orientation": [-1.0, -0.0, -0.0, -0.0, -1.0, -0.0, 0.0, 0.0, 1.0],
                    "selected": true,
                    "locked": false,
                    "visibility": true,
                    "positionStatus": "defined"
                },
                {
                    "id": "17",
                    "label": "mergedGridMarkupsNode-17",
                    "description": "Semi",
                    "associatedNodeID": "",
                    "position": [18.923288345336914, 9.141678810119629, 11.500036239624023],
                    "orientation": [-1.0, -0.0, -0.0, -0.0, -1.0, -0.0, 0.0, 0.0, 1.0],
                    "selected": true,
                    "locked": false,
                    "visibility": true,
                    "positionStatus": "defined"
                },
                {
                    "id": "18",
                    "label": "mergedGridMarkupsNode-18",
                    "description": "Semi",
                    "associatedNodeID": "",
                    "position": [19.636499404907227, 8.96106243133545, 10.609477996826172],
                    "orientation": [-1.0, -0.0, -0.0, -0.0, -1.0, -0.0, 0.0, 0.0, 1.0],
                    "selected": true,
                    "locked": false,
                    "visibility": true,
                    "positionStatus": "defined"
                },
                {
                    "id": "19",
                    "label": "mergedGridMarkupsNode-19",
                    "description": "Semi",
                    "associatedNodeID": "",
                    "position": [20.30181121826172, 8.793848037719727, 9.591814994812012],
                    "orientation": [-1.0, -0.0, -0.0, -0.0, -1.0, -0.0, 0.0, 0.0, 1.0],
                    "selected": true,
                    "locked": false,
                    "visibility": true,
                    "positionStatus": "defined"
                },
                {
                    "id": "20",
                    "label": "mergedGridMarkupsNode-20",
                    "description": "Semi",
                    "associatedNodeID": "",
                    "position": [20.82381820678711, 8.692023277282715, 8.49022388458252],
                    "orientation": [-1.0, -0.0, -0.0, -0.0, -1.0, -0.0, 0.0, 0.0, 1.0],
                    "selected": true,
                    "locked": false,
                    "visibility": true,
                    "positionStatus": "defined"
                },
                {
                    "id": "21",
                    "label": "mergedGridMarkupsNode-21",
                    "description": "Semi",
                    "associatedNodeID": "",
                    "position": [21.085147857666016, 8.743444442749023, 7.310041904449463],
                    "orientation": [-1.0, -0.0, -0.0, -0.0, -1.0, -0.0, 0.0, 0.0, 1.0],
                    "selected": true,
                    "locked": false,
                    "visibility": true,
                    "positionStatus": "defined"
                },
                {
                    "id": "22",
                    "label": "mergedGridMarkupsNode-22",
                    "description": "Semi",
                    "associatedNodeID": "",
                    "position": [17.861574172973633, 10.052491188049316, 13.024816513061523],
                    "orientation": [-1.0, -0.0, -0.0, -0.0, -1.0, -0.0, 0.0, 0.0, 1.0],
                    "selected": true,
                    "locked": false,
                    "visibility": true,
                    "positionStatus": "defined"
                },
                {
                    "id": "23",
                    "label": "mergedGridMarkupsNode-23",
                    "description": "Semi",
                    "associatedNodeID": "",
                    "position": [18.510881423950195, 9.937325477600098, 12.177066802978516],
                    "orientation": [-1.0, -0.0, -0.0, -0.0, -1.0, -0.0, 0.0, 0.0, 1.0],
                    "selected": true,
                    "locked": false,
                    "visibility": true,
                    "positionStatus": "defined"
                },
                {
                    "id": "24",
                    "label": "mergedGridMarkupsNode-24",
                    "description": "Semi",
                    "associatedNodeID": "",
                    "position": [19.25592613220215, 9.802765846252441, 11.39094066619873],
                    "orientation": [-1.0, -0.0, -0.0, -0.0, -1.0, -0.0, 0.0, 0.0, 1.0],
                    "selected": true,
                    "locked": false,
                    "visibility": true,
                    "positionStatus": "defined"
                },
                {
                    "id": "25",
                    "label": "mergedGridMarkupsNode-25",
                    "description": "Semi",
                    "associatedNodeID": "",
                    "position": [19.921249389648438, 9.647722244262695, 10.604886054992676],
                    "orientation": [-1.0, -0.0, -0.0, -0.0, -1.0, -0.0, 0.0, 0.0, 1.0],
                    "selected": true,
                    "locked": false,
                    "visibility": true,
                    "positionStatus": "defined"
                },
                {
                    "id": "26",
                    "label": "mergedGridMarkupsNode-26",
                    "description": "Semi",
                    "associatedNodeID": "",
                    "position": [20.562213897705078, 9.527274131774902, 9.684792518615723],
                    "orientation": [-1.0, -0.0, -0.0, -0.0, -1.0, -0.0, 0.0, 0.0, 1.0],
                    "selected": true,
                    "locked": false,
                    "visibility": true,
                    "positionStatus": "defined"
                },
                {
                    "id": "27",
                    "label": "mergedGridMarkupsNode-27",
                    "description": "Semi",
                    "associatedNodeID": "",
                    "position": [21.063051223754883, 9.432053565979004, 8.733723640441895],
                    "orientation": [-1.0, -0.0, -0.0, -0.0, -1.0, -0.0, 0.0, 0.0, 1.0],
                    "selected": true,
                    "locked": false,
                    "visibility": true,
                    "positionStatus": "defined"
                },
                {
                    "id": "28",
                    "label": "mergedGridMarkupsNode-28",
                    "description": "Semi",
                    "associatedNodeID": "",
                    "position": [21.37433624267578, 9.425177574157715, 7.719865798950195],
                    "orientation": [-1.0, -0.0, -0.0, -0.0, -1.0, -0.0, 0.0, 0.0, 1.0],
                    "selected": true,
                    "locked": false,
                    "visibility": true,
                    "positionStatus": "defined"
                },
                {
                    "id": "29",
                    "label": "mergedGridMarkupsNode-29",
                    "description": "Semi",
                    "associatedNodeID": "",
                    "position": [18.268535614013672, 10.507145881652832, 12.702859878540039],
                    "orientation": [-1.0, -0.0, -0.0, -0.0, -1.0, -0.0, 0.0, 0.0, 1.0],
                    "selected": true,
                    "locked": false,
                    "visibility": true,
                    "positionStatus": "defined"
                },
                {
                    "id": "30",
                    "label": "mergedGridMarkupsNode-30",
                    "description": "Semi",
                    "associatedNodeID": "",
                    "position": [18.82514762878418, 10.471405982971191, 11.943984031677246],
                    "orientation": [-1.0, -0.0, -0.0, -0.0, -1.0, -0.0, 0.0, 0.0, 1.0],
                    "selected": true,
                    "locked": false,
                    "visibility": true,
                    "positionStatus": "defined"
                },
                {
                    "id": "31",
                    "label": "mergedGridMarkupsNode-31",
                    "description": "Semi",
                    "associatedNodeID": "",
                    "position": [19.52288055419922, 10.317814826965332, 11.234065055847168],
                    "orientation": [-1.0, -0.0, -0.0, -0.0, -1.0, -0.0, 0.0, 0.0, 1.0],
                    "selected": true,
                    "locked": false,
                    "visibility": true,
                    "positionStatus": "defined"
                },
                {
                    "id": "32",
                    "label": "mergedGridMarkupsNode-32",
                    "description": "Semi",
                    "associatedNodeID": "",
                    "position": [20.143762588500977, 10.327195167541504, 10.53184700012207],
                    "orientation": [-1.0, -0.0, -0.0, -0.0, -1.0, -0.0, 0.0, 0.0, 1.0],
                    "selected": true,
                    "locked": false,
                    "visibility": true,
                    "positionStatus": "defined"
                },
                {
                    "id": "33",
                    "label": "mergedGridMarkupsNode-33",
                    "description": "Semi",
                    "associatedNodeID": "",
                    "position": [20.72757339477539, 10.252934455871582, 9.713539123535156],
                    "orientation": [-1.0, -0.0, -0.0, -0.0, -1.0, -0.0, 0.0, 0.0, 1.0],
                    "selected": true,
                    "locked": false,
                    "visibility": true,
                    "positionStatus": "defined"
                },
                {
                    "id": "34",
                    "label": "mergedGridMarkupsNode-34",
                    "description": "Semi",
                    "associatedNodeID": "",
                    "position": [21.22565269470215, 10.220416069030762, 8.874748229980469],
                    "orientation": [-1.0, -0.0, -0.0, -0.0, -1.0, -0.0, 0.0, 0.0, 1.0],
                    "selected": true,
                    "locked": false,
                    "visibility": true,
                    "positionStatus": "defined"
                },
                {
                    "id": "35",
                    "label": "mergedGridMarkupsNode-35",
                    "description": "Semi",
                    "associatedNodeID": "",
                    "position": [21.565820693969727, 10.214264869689941, 7.927268981933594],
                    "orientation": [-1.0, -0.0, -0.0, -0.0, -1.0, -0.0, 0.0, 0.0, 1.0],
                    "selected": true,
                    "locked": false,
                    "visibility": true,
                    "positionStatus": "defined"
                },
                {
                    "id": "36",
                    "label": "mergedGridMarkupsNode-36",
                    "description": "Semi",
                    "associatedNodeID": "",
                    "position": [18.608154296875, 10.967029571533203, 12.320938110351563],
                    "orientation": [-1.0, -0.0, -0.0, -0.0, -1.0, -0.0, 0.0, 0.0, 1.0],
                    "selected": true,
                    "locked": false,
                    "visibility": true,
                    "positionStatus": "defined"
                },
                {
                    "id": "37",
                    "label": "mergedGridMarkupsNode-37",
                    "description": "Semi",
                    "associatedNodeID": "",
                    "position": [19.138978958129883, 10.99347972869873, 11.707955360412598],
                    "orientation": [-1.0, -0.0, -0.0, -0.0, -1.0, -0.0, 0.0, 0.0, 1.0],
                    "selected": true,
                    "locked": false,
                    "visibility": true,
                    "positionStatus": "defined"
                },
                {
                    "id": "38",
                    "label": "mergedGridMarkupsNode-38",
                    "description": "Semi",
                    "associatedNodeID": "",
                    "position": [19.727584838867188, 10.99131965637207, 11.099040985107422],
                    "orientation": [-1.0, -0.0, -0.0, -0.0, -1.0, -0.0, 0.0, 0.0, 1.0],
                    "selected": true,
                    "locked": false,
                    "visibility": true,
                    "positionStatus": "defined"
                },
                {
                    "id": "39",
                    "label": "mergedGridMarkupsNode-39",
                    "description": "Semi",
                    "associatedNodeID": "",
                    "position": [20.346288681030273, 10.92158031463623, 10.37812328338623],
                    "orientation": [-1.0, -0.0, -0.0, -0.0, -1.0, -0.0, 0.0, 0.0, 1.0],
                    "selected": true,
                    "locked": false,
                    "visibility": true,
                    "positionStatus": "defined"
                },
                {
                    "id": "40",
                    "label": "mergedGridMarkupsNode-40",
                    "description": "Semi",
                    "associatedNodeID": "",
                    "position": [20.82525634765625, 10.958054542541504, 9.704712867736816],
                    "orientation": [-1.0, -0.0, -0.0, -0.0, -1.0, -0.0, 0.0, 0.0, 1.0],
                    "selected": true,
                    "locked": false,
                    "visibility": true,
                    "positionStatus": "defined"
                },
                {
                    "id": "41",
                    "label": "mergedGridMarkupsNode-41",
                    "description": "Semi",
                    "associatedNodeID": "",
                    "position": [21.268230438232422, 11.0076322555542, 8.930140495300293],
                    "orientation": [-1.0, -0.0, -0.0, -0.0, -1.0, -0.0, 0.0, 0.0, 1.0],
                    "selected": true,
                    "locked": false,
                    "visibility": true,
                    "positionStatus": "defined"
                },
                {
                    "id": "42",
                    "label": "mergedGridMarkupsNode-42",
                    "description": "Semi",
                    "associatedNodeID": "",
                    "position": [21.537567138671875, 11.093585968017578, 8.113432884216309],
                    "orientation": [-1.0, -0.0, -0.0, -0.0, -1.0, -0.0, 0.0, 0.0, 1.0],
                    "selected": true,
                    "locked": false,
                    "visibility": true,
                    "positionStatus": "defined"
                },
                {
                    "id": "44",
                    "label": "mergedGridMarkupsNode-44",
                    "description": "Semi",
                    "associatedNodeID": "",
                    "position": [19.38081932067871, 11.54216480255127, 11.447151184082031],
                    "orientation": [-1.0, -0.0, -0.0, -0.0, -1.0, -0.0, 0.0, 0.0, 1.0],
                    "selected": true,
                    "locked": false,
                    "visibility": true,
                    "positionStatus": "defined"
                },
                {
                    "id": "45",
                    "label": "mergedGridMarkupsNode-45",
                    "description": "Semi",
                    "associatedNodeID": "",
                    "position": [19.908044815063477, 11.608874320983887, 10.903922080993652],
                    "orientation": [-1.0, -0.0, -0.0, -0.0, -1.0, -0.0, 0.0, 0.0, 1.0],
                    "selected": true,
                    "locked": false,
                    "visibility": true,
                    "positionStatus": "defined"
                },
                {
                    "id": "46",
                    "label": "mergedGridMarkupsNode-46",
                    "description": "Semi",
                    "associatedNodeID": "",
                    "position": [20.414579391479492, 11.639825820922852, 10.231794357299805],
                    "orientation": [-1.0, -0.0, -0.0, -0.0, -1.0, -0.0, 0.0, 0.0, 1.0],
                    "selected": true,
                    "locked": false,
                    "visibility": true,
                    "positionStatus": "defined"
                },
                {
                    "id": "47",
                    "label": "mergedGridMarkupsNode-47",
                    "description": "Semi",
                    "associatedNodeID": "",
                    "position": [20.845304489135742, 11.69299602508545, 9.61670207977295],
                    "orientation": [-1.0, -0.0, -0.0, -0.0, -1.0, -0.0, 0.0, 0.0, 1.0],
                    "selected": true,
                    "locked": false,
                    "visibility": true,
                    "positionStatus": "defined"
                },
                {
                    "id": "48",
                    "label": "mergedGridMarkupsNode-48",
                    "description": "Semi",
                    "associatedNodeID": "",
                    "position": [21.17247772216797, 11.78078556060791, 8.920938491821289],
                    "orientation": [-1.0, -0.0, -0.0, -0.0, -1.0, -0.0, 0.0, 0.0, 1.0],
                    "selected": true,
                    "locked": false,
                    "visibility": true,
                    "positionStatus": "defined"
                },
                {
                    "id": "50",
                    "label": "mergedGridMarkupsNode-50",
                    "description": "Semi",
                    "associatedNodeID": "",
                    "position": [18.579055786132813, 11.916240692138672, 12.426714897155762],
                    "orientation": [-1.0, -0.0, -0.0, -0.0, -1.0, -0.0, 0.0, 0.0, 1.0],
                    "selected": true,
                    "locked": false,
                    "visibility": true,
                    "positionStatus": "defined"
                },
                {
                    "id": "51",
                    "label": "mergedGridMarkupsNode-51",
                    "description": "Semi",
                    "associatedNodeID": "",
                    "position": [19.149343490600586, 12.047475814819336, 11.772041320800781],
                    "orientation": [-1.0, -0.0, -0.0, -0.0, -1.0, -0.0, 0.0, 0.0, 1.0],
                    "selected": true,
                    "locked": false,
                    "visibility": true,
                    "positionStatus": "defined"
                },
                {
                    "id": "52",
                    "label": "mergedGridMarkupsNode-52",
                    "description": "Semi",
                    "associatedNodeID": "",
                    "position": [19.762420654296875, 12.172840118408203, 11.150131225585938],
                    "orientation": [-1.0, -0.0, -0.0, -0.0, -1.0, -0.0, 0.0, 0.0, 1.0],
                    "selected": true,
                    "locked": false,
                    "visibility": true,
                    "positionStatus": "defined"
                },
                {
                    "id": "53",
                    "label": "mergedGridMarkupsNode-53",
                    "description": "Semi",
                    "associatedNodeID": "",
                    "position": [20.343997955322266, 12.391136169433594, 10.439433097839355],
                    "orientation": [-1.0, -0.0, -0.0, -0.0, -1.0, -0.0, 0.0, 0.0, 1.0],
                    "selected": true,
                    "locked": false,
                    "visibility": true,
                    "positionStatus": "defined"
                },
                {
                    "id": "54",
                    "label": "mergedGridMarkupsNode-54",
                    "description": "Semi",
                    "associatedNodeID": "",
                    "position": [20.83759307861328, 12.495718002319336, 9.762681007385254],
                    "orientation": [-1.0, -0.0, -0.0, -0.0, -1.0, -0.0, 0.0, 0.0, 1.0],
                    "selected": true,
                    "locked": false,
                    "visibility": true,
                    "positionStatus": "defined"
                },
                {
                    "id": "55",
                    "label": "mergedGridMarkupsNode-55",
                    "description": "Semi",
                    "associatedNodeID": "",
                    "position": [21.262128829956055, 12.636404037475586, 8.964287757873535],
                    "orientation": [-1.0, -0.0, -0.0, -0.0, -1.0, -0.0, 0.0, 0.0, 1.0],
                    "selected": true,
                    "locked": false,
                    "visibility": true,
                    "positionStatus": "defined"
                },
                {
                    "id": "56",
                    "label": "mergedGridMarkupsNode-56",
                    "description": "Semi",
                    "associatedNodeID": "",
                    "position": [21.555301666259766, 12.7127046585083, 8.111824035644531],
                    "orientation": [-1.0, -0.0, -0.0, -0.0, -1.0, -0.0, 0.0, 0.0, 1.0],
                    "selected": true,
                    "locked": false,
                    "visibility": true,
                    "positionStatus": "defined"
                },
                {
                    "id": "57",
                    "label": "mergedGridMarkupsNode-57",
                    "description": "Semi",
                    "associatedNodeID": "",
                    "position": [18.215435028076172, 12.398651123046875, 12.882342338562012],
                    "orientation": [-1.0, -0.0, -0.0, -0.0, -1.0, -0.0, 0.0, 0.0, 1.0],
                    "selected": true,
                    "locked": false,
                    "visibility": true,
                    "positionStatus": "defined"
                },
                {
                    "id": "58",
                    "label": "mergedGridMarkupsNode-58",
                    "description": "Semi",
                    "associatedNodeID": "",
                    "position": [18.827316284179688, 12.592041969299316, 12.129347801208496],
                    "orientation": [-1.0, -0.0, -0.0, -0.0, -1.0, -0.0, 0.0, 0.0, 1.0],
                    "selected": true,
                    "locked": false,
                    "visibility": true,
                    "positionStatus": "defined"
                },
                {
                    "id": "59",
                    "label": "mergedGridMarkupsNode-59",
                    "description": "Semi",
                    "associatedNodeID": "",
                    "position": [19.549705505371094, 12.874951362609863, 11.44209098815918],
                    "orientation": [-1.0, -0.0, -0.0, -0.0, -1.0, -0.0, 0.0, 0.0, 1.0],
                    "selected": true,
                    "locked": false,
                    "visibility": true,
                    "positionStatus": "defined"
                },
                {
                    "id": "60",
                    "label": "mergedGridMarkupsNode-60",
                    "description": "Semi",
                    "associatedNodeID": "",
                    "position": [20.159984588623047, 12.992143630981445, 10.690845489501953],
                    "orientation": [-1.0, -0.0, -0.0, -0.0, -1.0, -0.0, 0.0, 0.0, 1.0],
                    "selected": true,
                    "locked": false,
                    "visibility": true,
                    "positionStatus": "defined"
                },
                {
                    "id": "61",
                    "label": "mergedGridMarkupsNode-61",
                    "description": "Semi",
                    "associatedNodeID": "",
                    "position": [20.761829376220703, 13.197712898254395, 9.845574378967285],
                    "orientation": [-1.0, -0.0, -0.0, -0.0, -1.0, -0.0, 0.0, 0.0, 1.0],
                    "selected": true,
                    "locked": false,
                    "visibility": true,
                    "positionStatus": "defined"
                },
                {
                    "id": "62",
                    "label": "mergedGridMarkupsNode-62",
                    "description": "Semi",
                    "associatedNodeID": "",
                    "position": [21.237682342529297, 13.354022979736328, 8.95107364654541],
                    "orientation": [-1.0, -0.0, -0.0, -0.0, -1.0, -0.0, 0.0, 0.0, 1.0],
                    "selected": true,
                    "locked": false,
                    "visibility": true,
                    "positionStatus": "defined"
                },
                {
                    "id": "63",
                    "label": "mergedGridMarkupsNode-63",
                    "description": "Semi",
                    "associatedNodeID": "",
                    "position": [21.503374099731445, 13.477413177490234, 7.9461350440979],
                    "orientation": [-1.0, -0.0, -0.0, -0.0, -1.0, -0.0, 0.0, 0.0, 1.0],
                    "selected": true,
                    "locked": false,
                    "visibility": true,
                    "positionStatus": "defined"
                },
                {
                    "id": "64",
                    "label": "mergedGridMarkupsNode-64",
                    "description": "Semi",
                    "associatedNodeID": "",
                    "position": [17.83509063720703, 12.892610549926758, 13.29299545288086],
                    "orientation": [-1.0, -0.0, -0.0, -0.0, -1.0, -0.0, 0.0, 0.0, 1.0],
                    "selected": true,
                    "locked": false,
                    "visibility": true,
                    "positionStatus": "defined"
                },
                {
                    "id": "65",
                    "label": "mergedGridMarkupsNode-65",
                    "description": "Semi",
                    "associatedNodeID": "",
                    "position": [18.4809513092041, 13.143974304199219, 12.444211959838867],
                    "orientation": [-1.0, -0.0, -0.0, -0.0, -1.0, -0.0, 0.0, 0.0, 1.0],
                    "selected": true,
                    "locked": false,
                    "visibility": true,
                    "positionStatus": "defined"
                },
                {
                    "id": "66",
                    "label": "mergedGridMarkupsNode-66",
                    "description": "Semi",
                    "associatedNodeID": "",
                    "position": [19.287704467773438, 13.406920433044434, 11.673096656799316],
                    "orientation": [-1.0, -0.0, -0.0, -0.0, -1.0, -0.0, 0.0, 0.0, 1.0],
                    "selected": true,
                    "locked": false,
                    "visibility": true,
                    "positionStatus": "defined"
                },
                {
                    "id": "67",
                    "label": "mergedGridMarkupsNode-67",
                    "description": "Semi",
                    "associatedNodeID": "",
                    "position": [19.951980590820313, 13.685120582580566, 10.835143089294434],
                    "orientation": [-1.0, -0.0, -0.0, -0.0, -1.0, -0.0, 0.0, 0.0, 1.0],
                    "selected": true,
                    "locked": false,
                    "visibility": true,
                    "positionStatus": "defined"
                },
                {
                    "id": "68",
                    "label": "mergedGridMarkupsNode-68",
                    "description": "Semi",
                    "associatedNodeID": "",
                    "position": [20.611291885375977, 13.937854766845703, 9.906517028808594],
                    "orientation": [-1.0, -0.0, -0.0, -0.0, -1.0, -0.0, 0.0, 0.0, 1.0],
                    "selected": true,
                    "locked": false,
                    "visibility": true,
                    "positionStatus": "defined"
                },
                {
                    "id": "69",
                    "label": "mergedGridMarkupsNode-69",
                    "description": "Semi",
                    "associatedNodeID": "",
                    "position": [21.104272842407227, 14.145918846130371, 8.896549224853516],
                    "orientation": [-1.0, -0.0, -0.0, -0.0, -1.0, -0.0, 0.0, 0.0, 1.0],
                    "selected": true,
                    "locked": false,
                    "visibility": true,
                    "positionStatus": "defined"
                },
                {
                    "id": "70",
                    "label": "mergedGridMarkupsNode-70",
                    "description": "Semi",
                    "associatedNodeID": "",
                    "position": [21.37965202331543, 14.268804550170898, 7.812108516693115],
                    "orientation": [-1.0, -0.0, -0.0, -0.0, -1.0, -0.0, 0.0, 0.0, 1.0],
                    "selected": true,
                    "locked": false,
                    "visibility": true,
                    "positionStatus": "defined"
                },
                {
                    "id": "71",
                    "label": "mergedGridMarkupsNode-71",
                    "description": "Semi",
                    "associatedNodeID": "",
                    "position": [17.376121520996094, 13.371936798095703, 13.660659790039063],
                    "orientation": [-1.0, -0.0, -0.0, -0.0, -1.0, -0.0, 0.0, 0.0, 1.0],
                    "selected": true,
                    "locked": false,
                    "visibility": true,
                    "positionStatus": "defined"
                },
                {
                    "id": "72",
                    "label": "mergedGridMarkupsNode-72",
                    "description": "Semi",
                    "associatedNodeID": "",
                    "position": [18.14482879638672, 13.70260238647461, 12.791666984558105],
                    "orientation": [-1.0, -0.0, -0.0, -0.0, -1.0, -0.0, 0.0, 0.0, 1.0],
                    "selected": true,
                    "locked": false,
                    "visibility": true,
                    "positionStatus": "defined"
                },
                {
                    "id": "73",
                    "label": "mergedGridMarkupsNode-73",
                    "description": "Semi",
                    "associatedNodeID": "",
                    "position": [18.956953048706055, 14.079800605773926, 11.882312774658203],
                    "orientation": [-1.0, -0.0, -0.0, -0.0, -1.0, -0.0, 0.0, 0.0, 1.0],
                    "selected": true,
                    "locked": false,
                    "visibility": true,
                    "positionStatus": "defined"
                },
                {
                    "id": "74",
                    "label": "mergedGridMarkupsNode-74",
                    "description": "Semi",
                    "associatedNodeID": "",
                    "position": [19.686643600463867, 14.379419326782227, 10.960392951965332],
                    "orientation": [-1.0, -0.0, -0.0, -0.0, -1.0, -0.0, 0.0, 0.0, 1.0],
                    "selected": true,
                    "locked": false,
                    "visibility": true,
                    "positionStatus": "defined"
                },
                {
                    "id": "75",
                    "label": "mergedGridMarkupsNode-75",
                    "description": "Semi",
                    "associatedNodeID": "",
                    "position": [20.361940383911133, 14.684174537658691, 9.910688400268555],
                    "orientation": [-1.0, -0.0, -0.0, -0.0, -1.0, -0.0, 0.0, 0.0, 1.0],
                    "selected": true,
                    "locked": false,
                    "visibility": true,
                    "positionStatus": "defined"
                },
                {
                    "id": "76",
                    "label": "mergedGridMarkupsNode-76",
                    "description": "Semi",
                    "associatedNodeID": "",
                    "position": [20.870820999145508, 14.889860153198242, 8.783059120178223],
                    "orientation": [-1.0, -0.0, -0.0, -0.0, -1.0, -0.0, 0.0, 0.0, 1.0],
                    "selected": true,
                    "locked": false,
                    "visibility": true,
                    "positionStatus": "defined"
                },
                {
                    "id": "77",
                    "label": "mergedGridMarkupsNode-77",
                    "description": "Semi",
                    "associatedNodeID": "",
                    "position": [21.152137756347656, 14.959992408752441, 7.618875980377197],
                    "orientation": [-1.0, -0.0, -0.0, -0.0, -1.0, -0.0, 0.0, 0.0, 1.0],
                    "selected": true,
                    "locked": false,
                    "visibility": true,
                    "positionStatus": "defined"
                },
                {
                    "id": "78",
                    "label": "mergedGridMarkupsNode-78",
                    "description": "Semi",
                    "associatedNodeID": "",
                    "position": [16.86383628845215, 13.824895858764648, 13.974244117736816],
                    "orientation": [-1.0, -0.0, -0.0, -0.0, -1.0, -0.0, 0.0, 0.0, 1.0],
                    "selected": true,
                    "locked": false,
                    "visibility": true,
                    "positionStatus": "defined"
                },
                {
                    "id": "79",
                    "label": "mergedGridMarkupsNode-79",
                    "description": "Semi",
                    "associatedNodeID": "",
                    "position": [17.66486167907715, 14.20513916015625, 12.979554176330566],
                    "orientation": [-1.0, -0.0, -0.0, -0.0, -1.0, -0.0, 0.0, 0.0, 1.0],
                    "selected": true,
                    "locked": false,
                    "visibility": true,
                    "positionStatus": "defined"
                },
                {
                    "id": "80",
                    "label": "mergedGridMarkupsNode-80",
                    "description": "Semi",
                    "associatedNodeID": "",
                    "position": [18.570363998413086, 14.636423110961914, 12.037699699401855],
                    "orientation": [-1.0, -0.0, -0.0, -0.0, -1.0, -0.0, 0.0, 0.0, 1.0],
                    "selected": true,
                    "locked": false,
                    "visibility": true,
                    "positionStatus": "defined"
                },
                {
                    "id": "81",
                    "label": "mergedGridMarkupsNode-81",
                    "description": "Semi",
                    "associatedNodeID": "",
                    "position": [19.35896873474121, 15.029500961303711, 11.005315780639648],
                    "orientation": [-1.0, -0.0, -0.0, -0.0, -1.0, -0.0, 0.0, 0.0, 1.0],
                    "selected": true,
                    "locked": false,
                    "visibility": true,
                    "positionStatus": "defined"
                },
                {
                    "id": "82",
                    "label": "mergedGridMarkupsNode-82",
                    "description": "Semi",
                    "associatedNodeID": "",
                    "position": [20.04385757446289, 15.403491973876953, 9.837888717651367],
                    "orientation": [-1.0, -0.0, -0.0, -0.0, -1.0, -0.0, 0.0, 0.0, 1.0],
                    "selected": true,
                    "locked": false,
                    "visibility": true,
                    "positionStatus": "defined"
                },
                {
                    "id": "83",
                    "label": "mergedGridMarkupsNode-83",
                    "description": "Semi",
                    "associatedNodeID": "",
                    "position": [20.576574325561523, 15.635266304016113, 8.612455368041992],
                    "orientation": [-1.0, -0.0, -0.0, -0.0, -1.0, -0.0, 0.0, 0.0, 1.0],
                    "selected": true,
                    "locked": false,
                    "visibility": true,
                    "positionStatus": "defined"
                },
                {
                    "id": "84",
                    "label": "mergedGridMarkupsNode-84",
                    "description": "Semi",
                    "associatedNodeID": "",
                    "position": [20.90673065185547, 15.737102508544922, 7.282260894775391],
                    "orientation": [-1.0, -0.0, -0.0, -0.0, -1.0, -0.0, 0.0, 0.0, 1.0],
                    "selected": true,
                    "locked": false,
                    "visibility": true,
                    "positionStatus": "defined"
                },
                {
                    "id": "86",
                    "label": "mergedGridMarkupsNode-86",
                    "description": "Semi",
                    "associatedNodeID": "",
                    "position": [17.19841194152832, 14.731362342834473, 13.18376350402832],
                    "orientation": [-1.0, -0.0, -0.0, -0.0, -1.0, -0.0, 0.0, 0.0, 1.0],
                    "selected": true,
                    "locked": false,
                    "visibility": true,
                    "positionStatus": "defined"
                },
                {
                    "id": "87",
                    "label": "mergedGridMarkupsNode-87",
                    "description": "Semi",
                    "associatedNodeID": "",
                    "position": [18.080141067504883, 15.221471786499023, 12.096977233886719],
                    "orientation": [-1.0, -0.0, -0.0, -0.0, -1.0, -0.0, 0.0, 0.0, 1.0],
                    "selected": true,
                    "locked": false,
                    "visibility": true,
                    "positionStatus": "defined"
                },
                {
                    "id": "88",
                    "label": "mergedGridMarkupsNode-88",
                    "description": "Semi",
                    "associatedNodeID": "",
                    "position": [18.930341720581055, 15.692953109741211, 10.97600269317627],
                    "orientation": [-1.0, -0.0, -0.0, -0.0, -1.0, -0.0, 0.0, 0.0, 1.0],
                    "selected": true,
                    "locked": false,
                    "visibility": true,
                    "positionStatus": "defined"
                },
                {
                    "id": "89",
                    "label": "mergedGridMarkupsNode-89",
                    "description": "Semi",
                    "associatedNodeID": "",
                    "position": [19.66309356689453, 16.04057502746582, 9.719645500183105],
                    "orientation": [-1.0, -0.0, -0.0, -0.0, -1.0, -0.0, 0.0, 0.0, 1.0],
                    "selected": true,
                    "locked": false,
                    "visibility": true,
                    "positionStatus": "defined"
                },
                {
                    "id": "90",
                    "label": "mergedGridMarkupsNode-90",
                    "description": "Semi",
                    "associatedNodeID": "",
                    "position": [20.17099380493164, 16.32610321044922, 8.42195987701416],
                    "orientation": [-1.0, -0.0, -0.0, -0.0, -1.0, -0.0, 0.0, 0.0, 1.0],
                    "selected": true,
                    "locked": false,
                    "visibility": true,
                    "positionStatus": "defined"
                },
                {
                    "id": "92",
                    "label": "mergedGridMarkupsNode-92",
                    "description": "Fixed",
                    "associatedNodeID": "",
                    "position": [5.6218, 10.7572, 21.5188],
                    "orientation": [-1.0, -0.0, -0.0, -0.0, -1.0, -0.0, 0.0, 0.0, 1.0],
                    "selected": true,
                    "locked": false,
                    "visibility": true,
                    "positionStatus": "defined"
                },
                {
                    "id": "93",
                    "label": "mergedGridMarkupsNode-93",
                    "description": "Fixed",
                    "associatedNodeID": "",
                    "position": [6.94432, 9.63275, 20.0148],
                    "orientation": [-1.0, -0.0, -0.0, -0.0, -1.0, -0.0, 0.0, 0.0, 1.0],
                    "selected": true,
                    "locked": false,
                    "visibility": true,
                    "positionStatus": "defined"
                },
                {
                    "id": "94",
                    "label": "mergedGridMarkupsNode-94",
                    "description": "Fixed",
                    "associatedNodeID": "",
                    "position": [6.96811, 12.3459, 20.2388],
                    "orientation": [-1.0, -0.0, -0.0, -0.0, -1.0, -0.0, 0.0, 0.0, 1.0],
                    "selected": true,
                    "locked": false,
                    "visibility": true,
                    "positionStatus": "defined"
                },
                {
                    "id": "95",
                    "label": "mergedGridMarkupsNode-95",
                    "description": "Fixed",
                    "associatedNodeID": "",
                    "position": [11.6097, 9.08804, 17.8154],
                    "orientation": [-1.0, -0.0, -0.0, -0.0, -1.0, -0.0, 0.0, 0.0, 1.0],
                    "selected": true,
                    "locked": false,
                    "visibility": true,
                    "positionStatus": "defined"
                },
                {
                    "id": "96",
                    "label": "mergedGridMarkupsNode-96",
                    "description": "Fixed",
                    "associatedNodeID": "",
                    "position": [11.708, 13.3171, 18.0608],
                    "orientation": [-1.0, -0.0, -0.0, -0.0, -1.0, -0.0, 0.0, 0.0, 1.0],
                    "selected": true,
                    "locked": false,
                    "visibility": true,
                    "positionStatus": "defined"
                },
                {
                    "id": "97",
                    "label": "mergedGridMarkupsNode-97",
                    "description": "Fixed",
                    "associatedNodeID": "",
                    "position": [13.3743, 10.7073, 17.2435],
                    "orientation": [-1.0, -0.0, -0.0, -0.0, -1.0, -0.0, 0.0, 0.0, 1.0],
                    "selected": true,
                    "locked": false,
                    "visibility": true,
                    "positionStatus": "defined"
                },
                {
                    "id": "98",
                    "label": "mergedGridMarkupsNode-98",
                    "description": "Fixed",
                    "associatedNodeID": "",
                    "position": [13.2709, 11.8951, 17.3953],
                    "orientation": [-1.0, -0.0, -0.0, -0.0, -1.0, -0.0, 0.0, 0.0, 1.0],
                    "selected": true,
                    "locked": false,
                    "visibility": true,
                    "positionStatus": "defined"
                },
                {
                    "id": "99",
                    "label": "mergedGridMarkupsNode-99",
                    "description": "Fixed",
                    "associatedNodeID": "",
                    "position": [11.9518, 6.05455, 12.9464],
                    "orientation": [-1.0, -0.0, -0.0, -0.0, -1.0, -0.0, 0.0, 0.0, 1.0],
                    "selected": true,
                    "locked": false,
                    "visibility": true,
                    "positionStatus": "defined"
                },
                {
                    "id": "100",
                    "label": "mergedGridMarkupsNode-100",
                    "description": "Fixed",
                    "associatedNodeID": "",
                    "position": [11.8852, 17.0315, 13.8637],
                    "orientation": [-1.0, -0.0, -0.0, -0.0, -1.0, -0.0, 0.0, 0.0, 1.0],
                    "selected": true,
                    "locked": false,
                    "visibility": true,
                    "positionStatus": "defined"
                },
                {
                    "id": "101",
                    "label": "mergedGridMarkupsNode-101",
                    "description": "Fixed",
                    "associatedNodeID": "",
                    "position": [16.456, 8.76405, 13.813],
                    "orientation": [-1.0, -0.0, -0.0, -0.0, -1.0, -0.0, 0.0, 0.0, 1.0],
                    "selected": true,
                    "locked": false,
                    "visibility": true,
                    "positionStatus": "defined"
                },
                {
                    "id": "102",
                    "label": "mergedGridMarkupsNode-102",
                    "description": "Fixed",
                    "associatedNodeID": "",
                    "position": [16.3637, 14.24, 14.322],
                    "orientation": [-1.0, -0.0, -0.0, -0.0, -1.0, -0.0, 0.0, 0.0, 1.0],
                    "selected": true,
                    "locked": false,
                    "visibility": true,
                    "positionStatus": "defined"
                },
                {
                    "id": "103",
                    "label": "mergedGridMarkupsNode-103",
                    "description": "Fixed",
                    "associatedNodeID": "",
                    "position": [13.7156, 5.63226, 9.27714],
                    "orientation": [-1.0, -0.0, -0.0, -0.0, -1.0, -0.0, 0.0, 0.0, 1.0],
                    "selected": true,
                    "locked": false,
                    "visibility": true,
                    "positionStatus": "defined"
                },
                {
                    "id": "104",
                    "label": "mergedGridMarkupsNode-104",
                    "description": "Fixed",
                    "associatedNodeID": "",
                    "position": [18.9786, 11.4326, 11.943],
                    "orientation": [-1.0, -0.0, -0.0, -0.0, -1.0, -0.0, 0.0, 0.0, 1.0],
                    "selected": true,
                    "locked": false,
                    "visibility": true,
                    "positionStatus": "defined"
                },
                {
                    "id": "105",
                    "label": "mergedGridMarkupsNode-105",
                    "description": "Fixed",
                    "associatedNodeID": "",
                    "position": [13.8137, 18.0278, 10.1558],
                    "orientation": [-1.0, -0.0, -0.0, -0.0, -1.0, -0.0, 0.0, 0.0, 1.0],
                    "selected": true,
                    "locked": false,
                    "visibility": true,
                    "positionStatus": "defined"
                },
                {
                    "id": "106",
                    "label": "mergedGridMarkupsNode-106",
                    "description": "Fixed",
                    "associatedNodeID": "",
                    "position": [20.4084, 7.45974, 6.45549],
                    "orientation": [-1.0, -0.0, -0.0, -0.0, -1.0, -0.0, 0.0, 0.0, 1.0],
                    "selected": true,
                    "locked": false,
                    "visibility": true,
                    "positionStatus": "defined"
                },
                {
                    "id": "107",
                    "label": "mergedGridMarkupsNode-107",
                    "description": "Fixed",
                    "associatedNodeID": "",
                    "position": [21.5143, 11.899, 8.21862],
                    "orientation": [-1.0, -0.0, -0.0, -0.0, -1.0, -0.0, 0.0, 0.0, 1.0],
                    "selected": true,
                    "locked": false,
                    "visibility": true,
                    "positionStatus": "defined"
                },
                {
                    "id": "108",
                    "label": "mergedGridMarkupsNode-108",
                    "description": "Fixed",
                    "associatedNodeID": "",
                    "position": [20.4603, 16.4316, 6.85867],
                    "orientation": [-1.0, -0.0, -0.0, -0.0, -1.0, -0.0, 0.0, 0.0, 1.0],
                    "selected": true,
                    "locked": false,
                    "visibility": true,
                    "positionStatus": "defined"
                },
                {
                    "id": "109",
                    "label": "mergedGridMarkupsNode-109",
                    "description": "Fixed",
                    "associatedNodeID": "",
                    "position": [21.328, 8.32745, 4.57872],
                    "orientation": [-1.0, -0.0, -0.0, -0.0, -1.0, -0.0, 0.0, 0.0, 1.0],
                    "selected": true,
                    "locked": false,
                    "visibility": true,
                    "positionStatus": "defined"
                },
                {
                    "id": "110",
                    "label": "mergedGridMarkupsNode-110",
                    "description": "Fixed",
                    "associatedNodeID": "",
                    "position": [23.1056, 12.1269, 5.005],
                    "orientation": [-1.0, -0.0, -0.0, -0.0, -1.0, -0.0, 0.0, 0.0, 1.0],
                    "selected": true,
                    "locked": false,
                    "visibility": true,
                    "positionStatus": "defined"
                },
                {
                    "id": "111",
                    "label": "mergedGridMarkupsNode-111",
                    "description": "Fixed",
                    "associatedNodeID": "",
                    "position": [21.764, 15.4231, 5.04469],
                    "orientation": [-1.0, -0.0, -0.0, -0.0, -1.0, -0.0, 0.0, 0.0, 1.0],
                    "selected": true,
                    "locked": false,
                    "visibility": true,
                    "positionStatus": "defined"
                },
                {
                    "id": "112",
                    "label": "mergedGridMarkupsNode-112",
                    "description": "Fixed",
                    "associatedNodeID": "",
                    "position": [21.4129, 12.1357, 1.76816],
                    "orientation": [-1.0, -0.0, -0.0, -0.0, -1.0, -0.0, 0.0, 0.0, 1.0],
                    "selected": true,
                    "locked": false,
                    "visibility": true,
                    "positionStatus": "defined"
                },
                {
                    "id": "113",
                    "label": "mergedGridMarkupsNode-113",
                    "description": "Fixed",
                    "associatedNodeID": "",
                    "position": [17.5735, 17.5316, 4.81503],
                    "orientation": [-1.0, -0.0, -0.0, -0.0, -1.0, -0.0, 0.0, 0.0, 1.0],
                    "selected": true,
                    "locked": false,
                    "visibility": true,
                    "positionStatus": "defined"
                },
                {
                    "id": "114",
                    "label": "mergedGridMarkupsNode-114",
                    "description": "Fixed",
                    "associatedNodeID": "",
                    "position": [17.2107, 17.3199, 8.82121],
                    "orientation": [-1.0, -0.0, -0.0, -0.0, -1.0, -0.0, 0.0, 0.0, 1.0],
                    "selected": true,
                    "locked": false,
                    "visibility": true,
                    "positionStatus": "defined"
                },
                {
                    "id": "115",
                    "label": "mergedGridMarkupsNode-115",
                    "description": "Fixed",
                    "associatedNodeID": "",
                    "position": [16.6899, 16.9125, 7.70896],
                    "orientation": [-1.0, -0.0, -0.0, -0.0, -1.0, -0.0, 0.0, 0.0, 1.0],
                    "selected": true,
                    "locked": false,
                    "visibility": true,
                    "positionStatus": "defined"
                },
                {
                    "id": "116",
                    "label": "mergedGridMarkupsNode-116",
                    "description": "Fixed",
                    "associatedNodeID": "",
                    "position": [17.4714, 6.88104, 4.01142],
                    "orientation": [-1.0, -0.0, -0.0, -0.0, -1.0, -0.0, 0.0, 0.0, 1.0],
                    "selected": true,
                    "locked": false,
                    "visibility": true,
                    "positionStatus": "defined"
                },
                {
                    "id": "117",
                    "label": "mergedGridMarkupsNode-117",
                    "description": "Fixed",
                    "associatedNodeID": "",
                    "position": [17.2869, 6.4577, 8.00074],
                    "orientation": [-1.0, -0.0, -0.0, -0.0, -1.0, -0.0, 0.0, 0.0, 1.0],
                    "selected": true,
                    "locked": false,
                    "visibility": true,
                    "positionStatus": "defined"
                },
                {
                    "id": "118",
                    "label": "mergedGridMarkupsNode-118",
                    "description": "Fixed",
                    "associatedNodeID": "",
                    "position": [16.7248, 7.01508, 6.87973],
                    "orientation": [-1.0, -0.0, -0.0, -0.0, -1.0, -0.0, 0.0, 0.0, 1.0],
                    "selected": true,
                    "locked": false,
                    "visibility": true,
                    "positionStatus": "defined"
                },
                {
                    "id": "119",
                    "label": "mergedGridMarkupsNode-119",
                    "description": "Fixed",
                    "associatedNodeID": "",
                    "position": [3.93272, 11.0162, 19.1897],
                    "orientation": [-1.0, -0.0, -0.0, -0.0, -1.0, -0.0, 0.0, 0.0, 1.0],
                    "selected": true,
                    "locked": false,
                    "visibility": true,
                    "positionStatus": "defined"
                },
                {
                    "id": "120",
                    "label": "mergedGridMarkupsNode-120",
                    "description": "Fixed",
                    "associatedNodeID": "",
                    "position": [5.25948, 11.164, 17.4293],
                    "orientation": [-1.0, -0.0, -0.0, -0.0, -1.0, -0.0, 0.0, 0.0, 1.0],
                    "selected": true,
                    "locked": false,
                    "visibility": true,
                    "positionStatus": "defined"
                },
                {
                    "id": "121",
                    "label": "mergedGridMarkupsNode-121",
                    "description": "Fixed",
                    "associatedNodeID": "",
                    "position": [6.18443, 11.5911, 16.7587],
                    "orientation": [-1.0, -0.0, -0.0, -0.0, -1.0, -0.0, 0.0, 0.0, 1.0],
                    "selected": true,
                    "locked": false,
                    "visibility": true,
                    "positionStatus": "defined"
                },
                {
                    "id": "122",
                    "label": "mergedGridMarkupsNode-122",
                    "description": "Fixed",
                    "associatedNodeID": "",
                    "position": [6.11343, 10.8613, 16.7587],
                    "orientation": [-1.0, -0.0, -0.0, -0.0, -1.0, -0.0, 0.0, 0.0, 1.0],
                    "selected": true,
                    "locked": false,
                    "visibility": true,
                    "positionStatus": "defined"
                },
                {
                    "id": "123",
                    "label": "mergedGridMarkupsNode-123",
                    "description": "Fixed",
                    "associatedNodeID": "",
                    "position": [7.2333, 12.5157, 15.4307],
                    "orientation": [-1.0, -0.0, -0.0, -0.0, -1.0, -0.0, 0.0, 0.0, 1.0],
                    "selected": true,
                    "locked": false,
                    "visibility": true,
                    "positionStatus": "defined"
                },
                {
                    "id": "124",
                    "label": "mergedGridMarkupsNode-124",
                    "description": "Fixed",
                    "associatedNodeID": "",
                    "position": [7.30392, 10.0251, 15.2195],
                    "orientation": [-1.0, -0.0, -0.0, -0.0, -1.0, -0.0, 0.0, 0.0, 1.0],
                    "selected": true,
                    "locked": false,
                    "visibility": true,
                    "positionStatus": "defined"
                },
                {
                    "id": "125",
                    "label": "mergedGridMarkupsNode-125",
                    "description": "Fixed",
                    "associatedNodeID": "",
                    "position": [8.20261, 13.8454, 14.959],
                    "orientation": [-1.0, -0.0, -0.0, -0.0, -1.0, -0.0, 0.0, 0.0, 1.0],
                    "selected": true,
                    "locked": false,
                    "visibility": true,
                    "positionStatus": "defined"
                },
                {
                    "id": "126",
                    "label": "mergedGridMarkupsNode-126",
                    "description": "Fixed",
                    "associatedNodeID": "",
                    "position": [8.22662, 8.91919, 14.5715],
                    "orientation": [-1.0, -0.0, -0.0, -0.0, -1.0, -0.0, 0.0, 0.0, 1.0],
                    "selected": true,
                    "locked": false,
                    "visibility": true,
                    "positionStatus": "defined"
                },
                {
                    "id": "127",
                    "label": "mergedGridMarkupsNode-127",
                    "description": "Fixed",
                    "associatedNodeID": "",
                    "position": [8.99333, 13.4721, 13.4764],
                    "orientation": [-1.0, -0.0, -0.0, -0.0, -1.0, -0.0, 0.0, 0.0, 1.0],
                    "selected": true,
                    "locked": false,
                    "visibility": true,
                    "positionStatus": "defined"
                },
                {
                    "id": "128",
                    "label": "mergedGridMarkupsNode-128",
                    "description": "Fixed",
                    "associatedNodeID": "",
                    "position": [9.06732, 9.56803, 13.1181],
                    "orientation": [-1.0, -0.0, -0.0, -0.0, -1.0, -0.0, 0.0, 0.0, 1.0],
                    "selected": true,
                    "locked": false,
                    "visibility": true,
                    "positionStatus": "defined"
                },
                {
                    "id": "129",
                    "label": "mergedGridMarkupsNode-129",
                    "description": "Fixed",
                    "associatedNodeID": "",
                    "position": [9.77361, 12.0101, 12.9656],
                    "orientation": [-1.0, -0.0, -0.0, -0.0, -1.0, -0.0, 0.0, 0.0, 1.0],
                    "selected": true,
                    "locked": false,
                    "visibility": true,
                    "positionStatus": "defined"
                },
                {
                    "id": "130",
                    "label": "mergedGridMarkupsNode-130",
                    "description": "Fixed",
                    "associatedNodeID": "",
                    "position": [9.78672, 11.0627, 12.9125],
                    "orientation": [-1.0, -0.0, -0.0, -0.0, -1.0, -0.0, 0.0, 0.0, 1.0],
                    "selected": true,
                    "locked": false,
                    "visibility": true,
                    "positionStatus": "defined"
                },
                {
                    "id": "131",
                    "label": "mergedGridMarkupsNode-131",
                    "description": "Fixed",
                    "associatedNodeID": "",
                    "position": [10.772, 12.2768, 11.1951],
                    "orientation": [-1.0, -0.0, -0.0, -0.0, -1.0, -0.0, 0.0, 0.0, 1.0],
                    "selected": true,
                    "locked": false,
                    "visibility": true,
                    "positionStatus": "defined"
                },
                {
                    "id": "132",
                    "label": "mergedGridMarkupsNode-132",
                    "description": "Fixed",
                    "associatedNodeID": "",
                    "position": [10.8675, 11.1299, 10.9819],
                    "orientation": [-1.0, -0.0, -0.0, -0.0, -1.0, -0.0, 0.0, 0.0, 1.0],
                    "selected": true,
                    "locked": false,
                    "visibility": true,
                    "positionStatus": "defined"
                },
                {
                    "id": "133",
                    "label": "mergedGridMarkupsNode-133",
                    "description": "Fixed",
                    "associatedNodeID": "",
                    "position": [11.1144, 13.5056, 10.2734],
                    "orientation": [-1.0, -0.0, -0.0, -0.0, -1.0, -0.0, 0.0, 0.0, 1.0],
                    "selected": true,
                    "locked": false,
                    "visibility": true,
                    "positionStatus": "defined"
                },
                {
                    "id": "134",
                    "label": "mergedGridMarkupsNode-134",
                    "description": "Fixed",
                    "associatedNodeID": "",
                    "position": [11.1845, 9.93806, 9.96609],
                    "orientation": [-1.0, -0.0, -0.0, -0.0, -1.0, -0.0, 0.0, 0.0, 1.0],
                    "selected": true,
                    "locked": false,
                    "visibility": true,
                    "positionStatus": "defined"
                },
                {
                    "id": "135",
                    "label": "mergedGridMarkupsNode-135",
                    "description": "Fixed",
                    "associatedNodeID": "",
                    "position": [11.8191, 11.8109, 9.09126],
                    "orientation": [-1.0, -0.0, -0.0, -0.0, -1.0, -0.0, 0.0, 0.0, 1.0],
                    "selected": true,
                    "locked": false,
                    "visibility": true,
                    "positionStatus": "defined"
                },
                {
                    "id": "136",
                    "label": "mergedGridMarkupsNode-136",
                    "description": "Fixed",
                    "associatedNodeID": "",
                    "position": [13.0588, 11.8422, 9.06782],
                    "orientation": [-1.0, -0.0, -0.0, -0.0, -1.0, -0.0, 0.0, 0.0, 1.0],
                    "selected": true,
                    "locked": false,
                    "visibility": true,
                    "positionStatus": "defined"
                },
                {
                    "id": "137",
                    "label": "mergedGridMarkupsNode-137",
                    "description": "Fixed",
                    "associatedNodeID": "",
                    "position": [15.1008, 12.9906, 5.44281],
                    "orientation": [-1.0, -0.0, -0.0, -0.0, -1.0, -0.0, 0.0, 0.0, 1.0],
                    "selected": true,
                    "locked": false,
                    "visibility": true,
                    "positionStatus": "defined"
                },
                {
                    "id": "138",
                    "label": "mergedGridMarkupsNode-138",
                    "description": "Fixed",
                    "associatedNodeID": "",
                    "position": [15.0303, 11.3716, 5.22306],
                    "orientation": [-1.0, -0.0, -0.0, -0.0, -1.0, -0.0, 0.0, 0.0, 1.0],
                    "selected": true,
                    "locked": false,
                    "visibility": true,
                    "positionStatus": "defined"
                },
                {
                    "id": "139",
                    "label": "mergedGridMarkupsNode-139",
                    "description": "Fixed",
                    "associatedNodeID": "",
                    "position": [17.9584, 14.6965, 2.20891],
                    "orientation": [-1.0, -0.0, -0.0, -0.0, -1.0, -0.0, 0.0, 0.0, 1.0],
                    "selected": true,
                    "locked": false,
                    "visibility": true,
                    "positionStatus": "defined"
                },
                {
                    "id": "140",
                    "label": "mergedGridMarkupsNode-140",
                    "description": "Fixed",
                    "associatedNodeID": "",
                    "position": [17.8526, 10.007, 1.81966],
                    "orientation": [-1.0, -0.0, -0.0, -0.0, -1.0, -0.0, 0.0, 0.0, 1.0],
                    "selected": true,
                    "locked": false,
                    "visibility": true,
                    "positionStatus": "defined"
                },
                {
                    "id": "141",
                    "label": "mergedGridMarkupsNode-141",
                    "description": "Fixed",
                    "associatedNodeID": "",
                    "position": [17.0765, 12.3362, 2.04784],
                    "orientation": [-1.0, -0.0, -0.0, -0.0, -1.0, -0.0, 0.0, 0.0, 1.0],
                    "selected": true,
                    "locked": false,
                    "visibility": true,
                    "positionStatus": "defined"
                },
                {
                    "id": "142",
                    "label": "mergedGridMarkupsNode-142",
                    "description": "Fixed",
                    "associatedNodeID": "",
                    "position": [13.5527, 11.3919, 16.1982],
                    "orientation": [-1.0, -0.0, -0.0, -0.0, -1.0, -0.0, 0.0, 0.0, 1.0],
                    "selected": true,
                    "locked": false,
                    "visibility": true,
                    "positionStatus": "defined"
                }
            ],
            "measurements": [],
            "display": {
                "visibility": true,
                "opacity": 1.0,
                "color": [0.4, 1.0, 1.0],
                "selectedColor": [1.0, 0.0, 1.0],
                "activeColor": [0.4, 1.0, 0.0],
                "propertiesLabelVisibility": false,
                "pointLabelsVisibility": true,
                "textScale": 0.0,
                "glyphType": "Sphere3D",
                "glyphScale": 3.0,
                "glyphSize": 5.0,
                "useGlyphScale": true,
                "sliceProjection": false,
                "sliceProjectionUseFiducialColor": true,
                "sliceProjectionOutlinedBehindSlicePlane": false,
                "sliceProjectionColor": [1.0, 1.0, 1.0],
                "sliceProjectionOpacity": 0.6,
                "lineThickness": 0.2,
                "lineColorFadingStart": 1.0,
                "lineColorFadingEnd": 10.0,
                "lineColorFadingSaturation": 1.0,
                "lineColorFadingHueOffset": 0.0,
                "handlesInteractive": false,
                "translationHandleVisibility": true,
                "rotationHandleVisibility": true,
                "scaleHandleVisibility": false,
                "interactionHandleScale": 3.0,
                "snapMode": "toVisibleSurface"
            }
        }
    ]
}