{
    "@schema": "https://raw.githubusercontent.com/slicer/slicer/master/Modules/Loadable/Markups/Resources/Schema/markups-schema-v1.0.3.json#",
    "markups": [
        {
            "type": "Fiducial",
            "coordinateSystem": "LPS",
            "coordinateUnits": "mm",
            "locked": true,
            "fixedNumberOfControlPoints": false,
            "labelFormat": "%N-%d",
            "lastUsedControlPointNumber": 142,
            "controlPoints": [
                {
                    "id": "2",
                    "label": "mergedGridMarkupsNode-2",
                    "description": "Semi",
                    "associatedNodeID": "",
                    "position": [12.821920394897461, 17.515338897705078, 9.379105567932129],
                    "orientation": [-1.0, -0.0, -0.0, -0.0, -1.0, -0.0, 0.0, 0.0, 1.0],
                    "selected": true,
                    "locked": false,
                    "visibility": true,
                    "positionStatus": "defined"
                },
                {
                    "id": "3",
                    "label": "mergedGridMarkupsNode-3",
                    "description": "Semi",
                    "associatedNodeID": "",
                    "position": [12.314871788024902, 17.878070831298828, 8.27652359008789],
                    "orientation": [-1.0, -0.0, -0.0, -0.0, -1.0, -0.0, 0.0, 0.0, 1.0],
                    "selected": true,
                    "locked": false,
                    "visibility": true,
                    "positionStatus": "defined"
                },
                {
                    "id": "4",
                    "label": "mergedGridMarkupsNode-4",
                    "description": "Semi",
                    "associatedNodeID": "",
                    "position": [11.806977272033691, 18.180461883544922, 7.157936096191406],
                    "orientation": [-1.0, -0.0, -0.0, -0.0, -1.0, -0.0, 0.0, 0.0, 1.0],
                    "selected": true,
                    "locked": false,
                    "visibility": true,
                    "positionStatus": "defined"
                },
                {
                    "id": "5",
                    "label": "mergedGridMarkupsNode-5",
                    "description": "Semi",
                    "associatedNodeID": "",
                    "position": [11.249274253845215, 18.4112548828125, 6.057873249053955],
                    "orientation": [-1.0, -0.0, -0.0, -0.0, -1.0, -0.0, 0.0, 0.0, 1.0],
                    "selected": true,
                    "locked": false,
                    "visibility": true,
                    "positionStatus": "defined"
                },
                {
                    "id": "6",
                    "label": "mergedGridMarkupsNode-6",
                    "description": "Semi",
                    "associatedNodeID": "",
                    "position": [10.687873840332031, 18.486677169799805, 4.860702037811279],
                    "orientation": [-1.0, -0.0, -0.0, -0.0, -1.0, -0.0, 0.0, 0.0, 1.0],
                    "selected": true,
                    "locked": false,
                    "visibility": true,
                    "positionStatus": "defined"
                },
                {
                    "id": "8",
                    "label": "mergedGridMarkupsNode-8",
                    "description": "Semi",
                    "associatedNodeID": "",
                    "position": [12.698514938354492, 17.247087478637695, 10.320122718811035],
                    "orientation": [-1.0, -0.0, -0.0, -0.0, -1.0, -0.0, 0.0, 0.0, 1.0],
                    "selected": true,
                    "locked": false,
                    "visibility": true,
                    "positionStatus": "defined"
                },
                {
                    "id": "9",
                    "label": "mergedGridMarkupsNode-9",
                    "description": "Semi",
                    "associatedNodeID": "",
                    "position": [12.212389945983887, 17.539945602416992, 9.462469100952148],
                    "orientation": [-1.0, -0.0, -0.0, -0.0, -1.0, -0.0, 0.0, 0.0, 1.0],
                    "selected": true,
                    "locked": false,
                    "visibility": true,
                    "positionStatus": "defined"
                },
                {
                    "id": "10",
                    "label": "mergedGridMarkupsNode-10",
                    "description": "Semi",
                    "associatedNodeID": "",
                    "position": [11.715397834777832, 17.865690231323242, 8.445241928100586],
                    "orientation": [-1.0, -0.0, -0.0, -0.0, -1.0, -0.0, 0.0, 0.0, 1.0],
                    "selected": true,
                    "locked": false,
                    "visibility": true,
                    "positionStatus": "defined"
                },
                {
                    "id": "11",
                    "label": "mergedGridMarkupsNode-11",
                    "description": "Semi",
                    "associatedNodeID": "",
                    "position": [11.206123352050781, 18.20694351196289, 7.42827844619751],
                    "orientation": [-1.0, -0.0, -0.0, -0.0, -1.0, -0.0, 0.0, 0.0, 1.0],
                    "selected": true,
                    "locked": false,
                    "visibility": true,
                    "positionStatus": "defined"
                },
                {
                    "id": "12",
                    "label": "mergedGridMarkupsNode-12",
                    "description": "Semi",
                    "associatedNodeID": "",
                    "position": [10.671093940734863, 18.443574905395508, 6.385664939880371],
                    "orientation": [-1.0, -0.0, -0.0, -0.0, -1.0, -0.0, 0.0, 0.0, 1.0],
                    "selected": true,
                    "locked": false,
                    "visibility": true,
                    "positionStatus": "defined"
                },
                {
                    "id": "13",
                    "label": "mergedGridMarkupsNode-13",
                    "description": "Semi",
                    "associatedNodeID": "",
                    "position": [10.128458023071289, 18.573963165283203, 5.245987892150879],
                    "orientation": [-1.0, -0.0, -0.0, -0.0, -1.0, -0.0, 0.0, 0.0, 1.0],
                    "selected": true,
                    "locked": false,
                    "visibility": true,
                    "positionStatus": "defined"
                },
                {
                    "id": "14",
                    "label": "mergedGridMarkupsNode-14",
                    "description": "Semi",
                    "associatedNodeID": "",
                    "position": [9.557930946350098, 18.340919494628906, 4.044765949249268],
                    "orientation": [-1.0, -0.0, -0.0, -0.0, -1.0, -0.0, 0.0, 0.0, 1.0],
                    "selected": true,
                    "locked": false,
                    "visibility": true,
                    "positionStatus": "defined"
                },
                {
                    "id": "15",
                    "label": "mergedGridMarkupsNode-15",
                    "description": "Semi",
                    "associatedNodeID": "",
                    "position": [12.040753364562988, 17.33165168762207, 10.108912467956543],
                    "orientation": [-1.0, -0.0, -0.0, -0.0, -1.0, -0.0, 0.0, 0.0, 1.0],
                    "selected": true,
                    "locked": false,
                    "visibility": true,
                    "positionStatus": "defined"
                },
                {
                    "id": "16",
                    "label": "mergedGridMarkupsNode-16",
                    "description": "Semi",
                    "associatedNodeID": "",
                    "position": [11.587310791015625, 17.564390182495117, 9.41527271270752],
                    "orientation": [-1.0, -0.0, -0.0, -0.0, -1.0, -0.0, 0.0, 0.0, 1.0],
                    "selected": true,
                    "locked": false,
                    "visibility": true,
                    "positionStatus": "defined"
                },
                {
                    "id": "17",
                    "label": "mergedGridMarkupsNode-17",
                    "description": "Semi",
                    "associatedNodeID": "",
                    "position": [11.10997486114502, 17.82102394104004, 8.542015075683594],
                    "orientation": [-1.0, -0.0, -0.0, -0.0, -1.0, -0.0, 0.0, 0.0, 1.0],
                    "selected": true,
                    "locked": false,
                    "visibility": true,
                    "positionStatus": "defined"
                },
                {
                    "id": "18",
                    "label": "mergedGridMarkupsNode-18",
                    "description": "Semi",
                    "associatedNodeID": "",
                    "position": [10.609618186950684, 18.148433685302734, 7.6426262855529785],
                    "orientation": [-1.0, -0.0, -0.0, -0.0, -1.0, -0.0, 0.0, 0.0, 1.0],
                    "selected": true,
                    "locked": false,
                    "visibility": true,
                    "positionStatus": "defined"
                },
                {
                    "id": "19",
                    "label": "mergedGridMarkupsNode-19",
                    "description": "Semi",
                    "associatedNodeID": "",
                    "position": [10.089629173278809, 18.381132125854492, 6.712001800537109],
                    "orientation": [-1.0, -0.0, -0.0, -0.0, -1.0, -0.0, 0.0, 0.0, 1.0],
                    "selected": true,
                    "locked": false,
                    "visibility": true,
                    "positionStatus": "defined"
                },
                {
                    "id": "20",
                    "label": "mergedGridMarkupsNode-20",
                    "description": "Semi",
                    "associatedNodeID": "",
                    "position": [9.555570602416992, 18.525606155395508, 5.6821136474609375],
                    "orientation": [-1.0, -0.0, -0.0, -0.0, -1.0, -0.0, 0.0, 0.0, 1.0],
                    "selected": true,
                    "locked": false,
                    "visibility": true,
                    "positionStatus": "defined"
                },
                {
                    "id": "21",
                    "label": "mergedGridMarkupsNode-21",
                    "description": "Semi",
                    "associatedNodeID": "",
                    "position": [9.001827239990234, 18.379352569580078, 4.534729957580566],
                    "orientation": [-1.0, -0.0, -0.0, -0.0, -1.0, -0.0, 0.0, 0.0, 1.0],
                    "selected": true,
                    "locked": false,
                    "visibility": true,
                    "positionStatus": "defined"
                },
                {
                    "id": "22",
                    "label": "mergedGridMarkupsNode-22",
                    "description": "Semi",
                    "associatedNodeID": "",
                    "position": [11.4033842086792, 17.3845272064209, 9.882711410522461],
                    "orientation": [-1.0, -0.0, -0.0, -0.0, -1.0, -0.0, 0.0, 0.0, 1.0],
                    "selected": true,
                    "locked": false,
                    "visibility": true,
                    "positionStatus": "defined"
                },
                {
                    "id": "23",
                    "label": "mergedGridMarkupsNode-23",
                    "description": "Semi",
                    "associatedNodeID": "",
                    "position": [10.96196174621582, 17.556926727294922, 9.298677444458008],
                    "orientation": [-1.0, -0.0, -0.0, -0.0, -1.0, -0.0, 0.0, 0.0, 1.0],
                    "selected": true,
                    "locked": false,
                    "visibility": true,
                    "positionStatus": "defined"
                },
                {
                    "id": "24",
                    "label": "mergedGridMarkupsNode-24",
                    "description": "Semi",
                    "associatedNodeID": "",
                    "position": [10.50523853302002, 17.72722053527832, 8.559979438781738],
                    "orientation": [-1.0, -0.0, -0.0, -0.0, -1.0, -0.0, 0.0, 0.0, 1.0],
                    "selected": true,
                    "locked": false,
                    "visibility": true,
                    "positionStatus": "defined"
                },
                {
                    "id": "25",
                    "label": "mergedGridMarkupsNode-25",
                    "description": "Semi",
                    "associatedNodeID": "",
                    "position": [10.019350051879883, 17.991336822509766, 7.781741142272949],
                    "orientation": [-1.0, -0.0, -0.0, -0.0, -1.0, -0.0, 0.0, 0.0, 1.0],
                    "selected": true,
                    "locked": false,
                    "visibility": true,
                    "positionStatus": "defined"
                },
                {
                    "id": "26",
                    "label": "mergedGridMarkupsNode-26",
                    "description": "Semi",
                    "associatedNodeID": "",
                    "position": [9.505695343017578, 18.25034523010254, 6.994004726409912],
                    "orientation": [-1.0, -0.0, -0.0, -0.0, -1.0, -0.0, 0.0, 0.0, 1.0],
                    "selected": true,
                    "locked": false,
                    "visibility": true,
                    "positionStatus": "defined"
                },
                {
                    "id": "27",
                    "label": "mergedGridMarkupsNode-27",
                    "description": "Semi",
                    "associatedNodeID": "",
                    "position": [8.979039192199707, 18.391294479370117, 6.1290411949157715],
                    "orientation": [-1.0, -0.0, -0.0, -0.0, -1.0, -0.0, 0.0, 0.0, 1.0],
                    "selected": true,
                    "locked": false,
                    "visibility": true,
                    "positionStatus": "defined"
                },
                {
                    "id": "28",
                    "label": "mergedGridMarkupsNode-28",
                    "description": "Semi",
                    "associatedNodeID": "",
                    "position": [8.415379524230957, 18.270633697509766, 4.999044895172119],
                    "orientation": [-1.0, -0.0, -0.0, -0.0, -1.0, -0.0, 0.0, 0.0, 1.0],
                    "selected": true,
                    "locked": false,
                    "visibility": true,
                    "positionStatus": "defined"
                },
                {
                    "id": "29",
                    "label": "mergedGridMarkupsNode-29",
                    "description": "Semi",
                    "associatedNodeID": "",
                    "position": [10.817254066467285, 17.39421272277832, 9.685938835144043],
                    "orientation": [-1.0, -0.0, -0.0, -0.0, -1.0, -0.0, 0.0, 0.0, 1.0],
                    "selected": true,
                    "locked": false,
                    "visibility": true,
                    "positionStatus": "defined"
                },
                {
                    "id": "30",
                    "label": "mergedGridMarkupsNode-30",
                    "description": "Semi",
                    "associatedNodeID": "",
                    "position": [10.355695724487305, 17.464794158935547, 9.137725830078125],
                    "orientation": [-1.0, -0.0, -0.0, -0.0, -1.0, -0.0, 0.0, 0.0, 1.0],
                    "selected": true,
                    "locked": false,
                    "visibility": true,
                    "positionStatus": "defined"
                },
                {
                    "id": "31",
                    "label": "mergedGridMarkupsNode-31",
                    "description": "Semi",
                    "associatedNodeID": "",
                    "position": [9.900395393371582, 17.636302947998047, 8.534006118774414],
                    "orientation": [-1.0, -0.0, -0.0, -0.0, -1.0, -0.0, 0.0, 0.0, 1.0],
                    "selected": true,
                    "locked": false,
                    "visibility": true,
                    "positionStatus": "defined"
                },
                {
                    "id": "32",
                    "label": "mergedGridMarkupsNode-32",
                    "description": "Semi",
                    "associatedNodeID": "",
                    "position": [9.428360939025879, 17.858646392822266, 7.867763042449951],
                    "orientation": [-1.0, -0.0, -0.0, -0.0, -1.0, -0.0, 0.0, 0.0, 1.0],
                    "selected": true,
                    "locked": false,
                    "visibility": true,
                    "positionStatus": "defined"
                },
                {
                    "id": "33",
                    "label": "mergedGridMarkupsNode-33",
                    "description": "Semi",
                    "associatedNodeID": "",
                    "position": [8.931066513061523, 18.074935913085938, 7.205089569091797],
                    "orientation": [-1.0, -0.0, -0.0, -0.0, -1.0, -0.0, 0.0, 0.0, 1.0],
                    "selected": true,
                    "locked": false,
                    "visibility": true,
                    "positionStatus": "defined"
                },
                {
                    "id": "34",
                    "label": "mergedGridMarkupsNode-34",
                    "description": "Semi",
                    "associatedNodeID": "",
                    "position": [8.414608001708984, 18.183929443359375, 6.502908706665039],
                    "orientation": [-1.0, -0.0, -0.0, -0.0, -1.0, -0.0, 0.0, 0.0, 1.0],
                    "selected": true,
                    "locked": false,
                    "visibility": true,
                    "positionStatus": "defined"
                },
                {
                    "id": "35",
                    "label": "mergedGridMarkupsNode-35",
                    "description": "Semi",
                    "associatedNodeID": "",
                    "position": [7.903264045715332, 18.109737396240234, 5.530359745025635],
                    "orientation": [-1.0, -0.0, -0.0, -0.0, -1.0, -0.0, 0.0, 0.0, 1.0],
                    "selected": true,
                    "locked": false,
                    "visibility": true,
                    "positionStatus": "defined"
                },
                {
                    "id": "36",
                    "label": "mergedGridMarkupsNode-36",
                    "description": "Semi",
                    "associatedNodeID": "",
                    "position": [10.21129322052002, 17.33392906188965, 9.500396728515625],
                    "orientation": [-1.0, -0.0, -0.0, -0.0, -1.0, -0.0, 0.0, 0.0, 1.0],
                    "selected": true,
                    "locked": false,
                    "visibility": true,
                    "positionStatus": "defined"
                },
                {
                    "id": "37",
                    "label": "mergedGridMarkupsNode-37",
                    "description": "Semi",
                    "associatedNodeID": "",
                    "position": [9.758174896240234, 17.36651039123535, 8.994132995605469],
                    "orientation": [-1.0, -0.0, -0.0, -0.0, -1.0, -0.0, 0.0, 0.0, 1.0],
                    "selected": true,
                    "locked": false,
                    "visibility": true,
                    "positionStatus": "defined"
                },
                {
                    "id": "38",
                    "label": "mergedGridMarkupsNode-38",
                    "description": "Semi",
                    "associatedNodeID": "",
                    "position": [9.301020622253418, 17.51126480102539, 8.479536056518555],
                    "orientation": [-1.0, -0.0, -0.0, -0.0, -1.0, -0.0, 0.0, 0.0, 1.0],
                    "selected": true,
                    "locked": false,
                    "visibility": true,
                    "positionStatus": "defined"
                },
                {
                    "id": "39",
                    "label": "mergedGridMarkupsNode-39",
                    "description": "Semi",
                    "associatedNodeID": "",
                    "position": [8.836567878723145, 17.71885871887207, 7.903183460235596],
                    "orientation": [-1.0, -0.0, -0.0, -0.0, -1.0, -0.0, 0.0, 0.0, 1.0],
                    "selected": true,
                    "locked": false,
                    "visibility": true,
                    "positionStatus": "defined"
                },
                {
                    "id": "40",
                    "label": "mergedGridMarkupsNode-40",
                    "description": "Semi",
                    "associatedNodeID": "",
                    "position": [8.359697341918945, 17.876916885375977, 7.338695049285889],
                    "orientation": [-1.0, -0.0, -0.0, -0.0, -1.0, -0.0, 0.0, 0.0, 1.0],
                    "selected": true,
                    "locked": false,
                    "visibility": true,
                    "positionStatus": "defined"
                },
                {
                    "id": "41",
                    "label": "mergedGridMarkupsNode-41",
                    "description": "Semi",
                    "associatedNodeID": "",
                    "position": [7.878425598144531, 17.913272857666016, 6.779482364654541],
                    "orientation": [-1.0, -0.0, -0.0, -0.0, -1.0, -0.0, 0.0, 0.0, 1.0],
                    "selected": true,
                    "locked": false,
                    "visibility": true,
                    "positionStatus": "defined"
                },
                {
                    "id": "42",
                    "label": "mergedGridMarkupsNode-42",
                    "description": "Semi",
                    "associatedNodeID": "",
                    "position": [7.417037487030029, 17.774629592895508, 5.991710186004639],
                    "orientation": [-1.0, -0.0, -0.0, -0.0, -1.0, -0.0, 0.0, 0.0, 1.0],
                    "selected": true,
                    "locked": false,
                    "visibility": true,
                    "positionStatus": "defined"
                },
                {
                    "id": "44",
                    "label": "mergedGridMarkupsNode-44",
                    "description": "Semi",
                    "associatedNodeID": "",
                    "position": [9.168285369873047, 17.237886428833008, 8.888071060180664],
                    "orientation": [-1.0, -0.0, -0.0, -0.0, -1.0, -0.0, 0.0, 0.0, 1.0],
                    "selected": true,
                    "locked": false,
                    "visibility": true,
                    "positionStatus": "defined"
                },
                {
                    "id": "45",
                    "label": "mergedGridMarkupsNode-45",
                    "description": "Semi",
                    "associatedNodeID": "",
                    "position": [8.708934783935547, 17.377721786499023, 8.434369087219238],
                    "orientation": [-1.0, -0.0, -0.0, -0.0, -1.0, -0.0, 0.0, 0.0, 1.0],
                    "selected": true,
                    "locked": false,
                    "visibility": true,
                    "positionStatus": "defined"
                },
                {
                    "id": "46",
                    "label": "mergedGridMarkupsNode-46",
                    "description": "Semi",
                    "associatedNodeID": "",
                    "position": [8.243422508239746, 17.51025390625, 7.890079021453857],
                    "orientation": [-1.0, -0.0, -0.0, -0.0, -1.0, -0.0, 0.0, 0.0, 1.0],
                    "selected": true,
                    "locked": false,
                    "visibility": true,
                    "positionStatus": "defined"
                },
                {
                    "id": "47",
                    "label": "mergedGridMarkupsNode-47",
                    "description": "Semi",
                    "associatedNodeID": "",
                    "position": [7.794260501861572, 17.598220825195313, 7.407123565673828],
                    "orientation": [-1.0, -0.0, -0.0, -0.0, -1.0, -0.0, 0.0, 0.0, 1.0],
                    "selected": true,
                    "locked": false,
                    "visibility": true,
                    "positionStatus": "defined"
                },
                {
                    "id": "48",
                    "label": "mergedGridMarkupsNode-48",
                    "description": "Semi",
                    "associatedNodeID": "",
                    "position": [7.351397514343262, 17.556737899780273, 6.916468620300293],
                    "orientation": [-1.0, -0.0, -0.0, -0.0, -1.0, -0.0, 0.0, 0.0, 1.0],
                    "selected": true,
                    "locked": false,
                    "visibility": true,
                    "positionStatus": "defined"
                },
                {
                    "id": "50",
                    "label": "mergedGridMarkupsNode-50",
                    "description": "Semi",
                    "associatedNodeID": "",
                    "position": [9.65207576751709, 16.926998138427734, 9.933699607849121],
                    "orientation": [-1.0, -0.0, -0.0, -0.0, -1.0, -0.0, 0.0, 0.0, 1.0],
                    "selected": true,
                    "locked": false,
                    "visibility": true,
                    "positionStatus": "defined"
                },
                {
                    "id": "51",
                    "label": "mergedGridMarkupsNode-51",
                    "description": "Semi",
                    "associatedNodeID": "",
                    "position": [9.09196662902832, 16.988842010498047, 9.40602970123291],
                    "orientation": [-1.0, -0.0, -0.0, -0.0, -1.0, -0.0, 0.0, 0.0, 1.0],
                    "selected": true,
                    "locked": false,
                    "visibility": true,
                    "positionStatus": "defined"
                },
                {
                    "id": "52",
                    "label": "mergedGridMarkupsNode-52",
                    "description": "Semi",
                    "associatedNodeID": "",
                    "position": [8.554713249206543, 17.11323356628418, 8.9345703125],
                    "orientation": [-1.0, -0.0, -0.0, -0.0, -1.0, -0.0, 0.0, 0.0, 1.0],
                    "selected": true,
                    "locked": false,
                    "visibility": true,
                    "positionStatus": "defined"
                },
                {
                    "id": "53",
                    "label": "mergedGridMarkupsNode-53",
                    "description": "Semi",
                    "associatedNodeID": "",
                    "position": [7.999444961547852, 17.230972290039063, 8.470954895019531],
                    "orientation": [-1.0, -0.0, -0.0, -0.0, -1.0, -0.0, 0.0, 0.0, 1.0],
                    "selected": true,
                    "locked": false,
                    "visibility": true,
                    "positionStatus": "defined"
                },
                {
                    "id": "54",
                    "label": "mergedGridMarkupsNode-54",
                    "description": "Semi",
                    "associatedNodeID": "",
                    "position": [7.456180095672607, 17.27635383605957, 7.96872091293335],
                    "orientation": [-1.0, -0.0, -0.0, -0.0, -1.0, -0.0, 0.0, 0.0, 1.0],
                    "selected": true,
                    "locked": false,
                    "visibility": true,
                    "positionStatus": "defined"
                },
                {
                    "id": "55",
                    "label": "mergedGridMarkupsNode-55",
                    "description": "Semi",
                    "associatedNodeID": "",
                    "position": [6.904397964477539, 17.291061401367188, 7.437889099121094],
                    "orientation": [-1.0, -0.0, -0.0, -0.0, -1.0, -0.0, 0.0, 0.0, 1.0],
                    "selected": true,
                    "locked": false,
                    "visibility": true,
                    "positionStatus": "defined"
                },
                {
                    "id": "56",
                    "label": "mergedGridMarkupsNode-56",
                    "description": "Semi",
                    "associatedNodeID": "",
                    "position": [6.320312023162842, 17.169891357421875, 6.7908244132995605],
                    "orientation": [-1.0, -0.0, -0.0, -0.0, -1.0, -0.0, 0.0, 0.0, 1.0],
                    "selected": true,
                    "locked": false,
                    "visibility": true,
                    "positionStatus": "defined"
                },
                {
                    "id": "57",
                    "label": "mergedGridMarkupsNode-57",
                    "description": "Semi",
                    "associatedNodeID": "",
                    "position": [9.698540687561035, 16.625627517700195, 10.564136505126953],
                    "orientation": [-1.0, -0.0, -0.0, -0.0, -1.0, -0.0, 0.0, 0.0, 1.0],
                    "selected": true,
                    "locked": false,
                    "visibility": true,
                    "positionStatus": "defined"
                },
                {
                    "id": "58",
                    "label": "mergedGridMarkupsNode-58",
                    "description": "Semi",
                    "associatedNodeID": "",
                    "position": [9.074206352233887, 16.65143585205078, 9.990459442138672],
                    "orientation": [-1.0, -0.0, -0.0, -0.0, -1.0, -0.0, 0.0, 0.0, 1.0],
                    "selected": true,
                    "locked": false,
                    "visibility": true,
                    "positionStatus": "defined"
                },
                {
                    "id": "59",
                    "label": "mergedGridMarkupsNode-59",
                    "description": "Semi",
                    "associatedNodeID": "",
                    "position": [8.407916069030762, 16.806901931762695, 9.498915672302246],
                    "orientation": [-1.0, -0.0, -0.0, -0.0, -1.0, -0.0, 0.0, 0.0, 1.0],
                    "selected": true,
                    "locked": false,
                    "visibility": true,
                    "positionStatus": "defined"
                },
                {
                    "id": "60",
                    "label": "mergedGridMarkupsNode-60",
                    "description": "Semi",
                    "associatedNodeID": "",
                    "position": [7.747941017150879, 16.9002628326416, 8.974834442138672],
                    "orientation": [-1.0, -0.0, -0.0, -0.0, -1.0, -0.0, 0.0, 0.0, 1.0],
                    "selected": true,
                    "locked": false,
                    "visibility": true,
                    "positionStatus": "defined"
                },
                {
                    "id": "61",
                    "label": "mergedGridMarkupsNode-61",
                    "description": "Semi",
                    "associatedNodeID": "",
                    "position": [7.079278945922852, 16.956340789794922, 8.415133476257324],
                    "orientation": [-1.0, -0.0, -0.0, -0.0, -1.0, -0.0, 0.0, 0.0, 1.0],
                    "selected": true,
                    "locked": false,
                    "visibility": true,
                    "positionStatus": "defined"
                },
                {
                    "id": "62",
                    "label": "mergedGridMarkupsNode-62",
                    "description": "Semi",
                    "associatedNodeID": "",
                    "position": [6.40847635269165, 16.94548988342285, 7.785961151123047],
                    "orientation": [-1.0, -0.0, -0.0, -0.0, -1.0, -0.0, 0.0, 0.0, 1.0],
                    "selected": true,
                    "locked": false,
                    "visibility": true,
                    "positionStatus": "defined"
                },
                {
                    "id": "63",
                    "label": "mergedGridMarkupsNode-63",
                    "description": "Semi",
                    "associatedNodeID": "",
                    "position": [5.757702827453613, 16.783645629882813, 7.047651290893555],
                    "orientation": [-1.0, -0.0, -0.0, -0.0, -1.0, -0.0, 0.0, 0.0, 1.0],
                    "selected": true,
                    "locked": false,
                    "visibility": true,
                    "positionStatus": "defined"
                },
                {
                    "id": "64",
                    "label": "mergedGridMarkupsNode-64",
                    "description": "Semi",
                    "associatedNodeID": "",
                    "position": [9.728419303894043, 16.304994583129883, 11.177151679992676],
                    "orientation": [-1.0, -0.0, -0.0, -0.0, -1.0, -0.0, 0.0, 0.0, 1.0],
                    "selected": true,
                    "locked": false,
                    "visibility": true,
                    "positionStatus": "defined"
                },
                {
                    "id": "65",
                    "label": "mergedGridMarkupsNode-65",
                    "description": "Semi",
                    "associatedNodeID": "",
                    "position": [9.016921997070313, 16.361631393432617, 10.601831436157227],
                    "orientation": [-1.0, -0.0, -0.0, -0.0, -1.0, -0.0, 0.0, 0.0, 1.0],
                    "selected": true,
                    "locked": false,
                    "visibility": true,
                    "positionStatus": "defined"
                },
                {
                    "id": "66",
                    "label": "mergedGridMarkupsNode-66",
                    "description": "Semi",
                    "associatedNodeID": "",
                    "position": [8.260354995727539, 16.460241317749023, 10.043041229248047],
                    "orientation": [-1.0, -0.0, -0.0, -0.0, -1.0, -0.0, 0.0, 0.0, 1.0],
                    "selected": true,
                    "locked": false,
                    "visibility": true,
                    "positionStatus": "defined"
                },
                {
                    "id": "67",
                    "label": "mergedGridMarkupsNode-67",
                    "description": "Semi",
                    "associatedNodeID": "",
                    "position": [7.482455253601074, 16.53526496887207, 9.455723762512207],
                    "orientation": [-1.0, -0.0, -0.0, -0.0, -1.0, -0.0, 0.0, 0.0, 1.0],
                    "selected": true,
                    "locked": false,
                    "visibility": true,
                    "positionStatus": "defined"
                },
                {
                    "id": "68",
                    "label": "mergedGridMarkupsNode-68",
                    "description": "Semi",
                    "associatedNodeID": "",
                    "position": [6.694443225860596, 16.56508445739746, 8.824872970581055],
                    "orientation": [-1.0, -0.0, -0.0, -0.0, -1.0, -0.0, 0.0, 0.0, 1.0],
                    "selected": true,
                    "locked": false,
                    "visibility": true,
                    "positionStatus": "defined"
                },
                {
                    "id": "69",
                    "label": "mergedGridMarkupsNode-69",
                    "description": "Semi",
                    "associatedNodeID": "",
                    "position": [5.928267002105713, 16.503908157348633, 8.118691444396973],
                    "orientation": [-1.0, -0.0, -0.0, -0.0, -1.0, -0.0, 0.0, 0.0, 1.0],
                    "selected": true,
                    "locked": false,
                    "visibility": true,
                    "positionStatus": "defined"
                },
                {
                    "id": "70",
                    "label": "mergedGridMarkupsNode-70",
                    "description": "Semi",
                    "associatedNodeID": "",
                    "position": [5.239412784576416, 16.29481315612793, 7.266420364379883],
                    "orientation": [-1.0, -0.0, -0.0, -0.0, -1.0, -0.0, 0.0, 0.0, 1.0],
                    "selected": true,
                    "locked": false,
                    "visibility": true,
                    "positionStatus": "defined"
                },
                {
                    "id": "71",
                    "label": "mergedGridMarkupsNode-71",
                    "description": "Semi",
                    "associatedNodeID": "",
                    "position": [9.763352394104004, 15.931795120239258, 11.76657485961914],
                    "orientation": [-1.0, -0.0, -0.0, -0.0, -1.0, -0.0, 0.0, 0.0, 1.0],
                    "selected": true,
                    "locked": false,
                    "visibility": true,
                    "positionStatus": "defined"
                },
                {
                    "id": "72",
                    "label": "mergedGridMarkupsNode-72",
                    "description": "Semi",
                    "associatedNodeID": "",
                    "position": [8.963835716247559, 16.020158767700195, 11.192614555358887],
                    "orientation": [-1.0, -0.0, -0.0, -0.0, -1.0, -0.0, 0.0, 0.0, 1.0],
                    "selected": true,
                    "locked": false,
                    "visibility": true,
                    "positionStatus": "defined"
                },
                {
                    "id": "73",
                    "label": "mergedGridMarkupsNode-73",
                    "description": "Semi",
                    "associatedNodeID": "",
                    "position": [8.131294250488281, 16.04534912109375, 10.544299125671387],
                    "orientation": [-1.0, -0.0, -0.0, -0.0, -1.0, -0.0, 0.0, 0.0, 1.0],
                    "selected": true,
                    "locked": false,
                    "visibility": true,
                    "positionStatus": "defined"
                },
                {
                    "id": "74",
                    "label": "mergedGridMarkupsNode-74",
                    "description": "Semi",
                    "associatedNodeID": "",
                    "position": [7.22160005569458, 16.122772216796875, 9.908707618713379],
                    "orientation": [-1.0, -0.0, -0.0, -0.0, -1.0, -0.0, 0.0, 0.0, 1.0],
                    "selected": true,
                    "locked": false,
                    "visibility": true,
                    "positionStatus": "defined"
                },
                {
                    "id": "75",
                    "label": "mergedGridMarkupsNode-75",
                    "description": "Semi",
                    "associatedNodeID": "",
                    "position": [6.338844299316406, 16.096981048583984, 9.196518898010254],
                    "orientation": [-1.0, -0.0, -0.0, -0.0, -1.0, -0.0, 0.0, 0.0, 1.0],
                    "selected": true,
                    "locked": false,
                    "visibility": true,
                    "positionStatus": "defined"
                },
                {
                    "id": "76",
                    "label": "mergedGridMarkupsNode-76",
                    "description": "Semi",
                    "associatedNodeID": "",
                    "position": [5.50241231918335, 15.978949546813965, 8.42876148223877],
                    "orientation": [-1.0, -0.0, -0.0, -0.0, -1.0, -0.0, 0.0, 0.0, 1.0],
                    "selected": true,
                    "locked": false,
                    "visibility": true,
                    "positionStatus": "defined"
                },
                {
                    "id": "77",
                    "label": "mergedGridMarkupsNode-77",
                    "description": "Semi",
                    "associatedNodeID": "",
                    "position": [4.873175144195557, 15.719213485717773, 7.524618625640869],
                    "orientation": [-1.0, -0.0, -0.0, -0.0, -1.0, -0.0, 0.0, 0.0, 1.0],
                    "selected": true,
                    "locked": false,
                    "visibility": true,
                    "positionStatus": "defined"
                },
                {
                    "id": "78",
                    "label": "mergedGridMarkupsNode-78",
                    "description": "Semi",
                    "associatedNodeID": "",
                    "position": [9.8331880569458, 15.521002769470215, 12.330580711364746],
                    "orientation": [-1.0, -0.0, -0.0, -0.0, -1.0, -0.0, 0.0, 0.0, 1.0],
                    "selected": true,
                    "locked": false,
                    "visibility": true,
                    "positionStatus": "defined"
                },
                {
                    "id": "79",
                    "label": "mergedGridMarkupsNode-79",
                    "description": "Semi",
                    "associatedNodeID": "",
                    "position": [8.94884967803955, 15.590890884399414, 11.718893051147461],
                    "orientation": [-1.0, -0.0, -0.0, -0.0, -1.0, -0.0, 0.0, 0.0, 1.0],
                    "selected": true,
                    "locked": false,
                    "visibility": true,
                    "positionStatus": "defined"
                },
                {
                    "id": "80",
                    "label": "mergedGridMarkupsNode-80",
                    "description": "Semi",
                    "associatedNodeID": "",
                    "position": [7.980042457580566, 15.614402770996094, 11.028080940246582],
                    "orientation": [-1.0, -0.0, -0.0, -0.0, -1.0, -0.0, 0.0, 0.0, 1.0],
                    "selected": true,
                    "locked": false,
                    "visibility": true,
                    "positionStatus": "defined"
                },
                {
                    "id": "81",
                    "label": "mergedGridMarkupsNode-81",
                    "description": "Semi",
                    "associatedNodeID": "",
                    "position": [6.98723030090332, 15.634125709533691, 10.30500602722168],
                    "orientation": [-1.0, -0.0, -0.0, -0.0, -1.0, -0.0, 0.0, 0.0, 1.0],
                    "selected": true,
                    "locked": false,
                    "visibility": true,
                    "positionStatus": "defined"
                },
                {
                    "id": "82",
                    "label": "mergedGridMarkupsNode-82",
                    "description": "Semi",
                    "associatedNodeID": "",
                    "position": [6.023923873901367, 15.56552791595459, 9.526254653930664],
                    "orientation": [-1.0, -0.0, -0.0, -0.0, -1.0, -0.0, 0.0, 0.0, 1.0],
                    "selected": true,
                    "locked": false,
                    "visibility": true,
                    "positionStatus": "defined"
                },
                {
                    "id": "83",
                    "label": "mergedGridMarkupsNode-83",
                    "description": "Semi",
                    "associatedNodeID": "",
                    "position": [5.15259313583374, 15.394871711730957, 8.683712005615234],
                    "orientation": [-1.0, -0.0, -0.0, -0.0, -1.0, -0.0, 0.0, 0.0, 1.0],
                    "selected": true,
                    "locked": false,
                    "visibility": true,
                    "positionStatus": "defined"
                },
                {
                    "id": "84",
                    "label": "mergedGridMarkupsNode-84",
                    "description": "Semi",
                    "associatedNodeID": "",
                    "position": [4.518843650817871, 15.106276512145996, 7.732649326324463],
                    "orientation": [-1.0, -0.0, -0.0, -0.0, -1.0, -0.0, 0.0, 0.0, 1.0],
                    "selected": true,
                    "locked": false,
                    "visibility": true,
                    "positionStatus": "defined"
                },
                {
                    "id": "86",
                    "label": "mergedGridMarkupsNode-86",
                    "description": "Semi",
                    "associatedNodeID": "",
                    "position": [8.874926567077637, 15.090624809265137, 12.146438598632813],
                    "orientation": [-1.0, -0.0, -0.0, -0.0, -1.0, -0.0, 0.0, 0.0, 1.0],
                    "selected": true,
                    "locked": false,
                    "visibility": true,
                    "positionStatus": "defined"
                },
                {
                    "id": "87",
                    "label": "mergedGridMarkupsNode-87",
                    "description": "Semi",
                    "associatedNodeID": "",
                    "position": [7.806911468505859, 15.099482536315918, 11.422505378723145],
                    "orientation": [-1.0, -0.0, -0.0, -0.0, -1.0, -0.0, 0.0, 0.0, 1.0],
                    "selected": true,
                    "locked": false,
                    "visibility": true,
                    "positionStatus": "defined"
                },
                {
                    "id": "88",
                    "label": "mergedGridMarkupsNode-88",
                    "description": "Semi",
                    "associatedNodeID": "",
                    "position": [6.779175758361816, 15.033469200134277, 10.64604377746582],
                    "orientation": [-1.0, -0.0, -0.0, -0.0, -1.0, -0.0, 0.0, 0.0, 1.0],
                    "selected": true,
                    "locked": false,
                    "visibility": true,
                    "positionStatus": "defined"
                },
                {
                    "id": "89",
                    "label": "mergedGridMarkupsNode-89",
                    "description": "Semi",
                    "associatedNodeID": "",
                    "position": [5.802849292755127, 14.966641426086426, 9.808160781860352],
                    "orientation": [-1.0, -0.0, -0.0, -0.0, -1.0, -0.0, 0.0, 0.0, 1.0],
                    "selected": true,
                    "locked": false,
                    "visibility": true,
                    "positionStatus": "defined"
                },
                {
                    "id": "90",
                    "label": "mergedGridMarkupsNode-90",
                    "description": "Semi",
                    "associatedNodeID": "",
                    "position": [4.909753799438477, 14.785405158996582, 8.91640567779541],
                    "orientation": [-1.0, -0.0, -0.0, -0.0, -1.0, -0.0, 0.0, 0.0, 1.0],
                    "selected": true,
                    "locked": false,
                    "visibility": true,
                    "positionStatus": "defined"
                },
                {
                    "id": "92",
                    "label": "mergedGridMarkupsNode-92",
                    "description": "Fixed",
                    "associatedNodeID": "",
                    "position": [19.6061, 11.3538, 18.5415],
                    "orientation": [-1.0, -0.0, -0.0, -0.0, -1.0, -0.0, 0.0, 0.0, 1.0],
                    "selected": true,
                    "locked": false,
                    "visibility": true,
                    "positionStatus": "defined"
                },
                {
                    "id": "93",
                    "label": "mergedGridMarkupsNode-93",
                    "description": "Fixed",
                    "associatedNodeID": "",
                    "position": [19.3637, 12.4216, 16.7395],
                    "orientation": [-1.0, -0.0, -0.0, -0.0, -1.0, -0.0, 0.0, 0.0, 1.0],
                    "selected": true,
                    "locked": false,
                    "visibility": true,
                    "positionStatus": "defined"
                },
                {
                    "id": "94",
                    "label": "mergedGridMarkupsNode-94",
                    "description": "Fixed",
                    "associatedNodeID": "",
                    "position": [17.2726, 11.5753, 17.8889],
                    "orientation": [-1.0, -0.0, -0.0, -0.0, -1.0, -0.0, 0.0, 0.0, 1.0],
                    "selected": true,
                    "locked": false,
                    "visibility": true,
                    "positionStatus": "defined"
                },
                {
                    "id": "95",
                    "label": "mergedGridMarkupsNode-95",
                    "description": "Fixed",
                    "associatedNodeID": "",
                    "position": [16.6381, 15.3453, 14.1184],
                    "orientation": [-1.0, -0.0, -0.0, -0.0, -1.0, -0.0, 0.0, 0.0, 1.0],
                    "selected": true,
                    "locked": false,
                    "visibility": true,
                    "positionStatus": "defined"
                },
                {
                    "id": "96",
                    "label": "mergedGridMarkupsNode-96",
                    "description": "Fixed",
                    "associatedNodeID": "",
                    "position": [13.8531, 13.404, 16.1895],
                    "orientation": [-1.0, -0.0, -0.0, -0.0, -1.0, -0.0, 0.0, 0.0, 1.0],
                    "selected": true,
                    "locked": false,
                    "visibility": true,
                    "positionStatus": "defined"
                },
                {
                    "id": "97",
                    "label": "mergedGridMarkupsNode-97",
                    "description": "Fixed",
                    "associatedNodeID": "",
                    "position": [14.6329, 15.6732, 14.1461],
                    "orientation": [-1.0, -0.0, -0.0, -0.0, -1.0, -0.0, 0.0, 0.0, 1.0],
                    "selected": true,
                    "locked": false,
                    "visibility": true,
                    "positionStatus": "defined"
                },
                {
                    "id": "98",
                    "label": "mergedGridMarkupsNode-98",
                    "description": "Fixed",
                    "associatedNodeID": "",
                    "position": [13.5409, 15.0974, 14.6705],
                    "orientation": [-1.0, -0.0, -0.0, -0.0, -1.0, -0.0, 0.0, 0.0, 1.0],
                    "selected": true,
                    "locked": false,
                    "visibility": true,
                    "positionStatus": "defined"
                },
                {
                    "id": "99",
                    "label": "mergedGridMarkupsNode-99",
                    "description": "Fixed",
                    "associatedNodeID": "",
                    "position": [17.534, 15.2637, 9.21548],
                    "orientation": [-1.0, -0.0, -0.0, -0.0, -1.0, -0.0, 0.0, 0.0, 1.0],
                    "selected": true,
                    "locked": false,
                    "visibility": true,
                    "positionStatus": "defined"
                },
                {
                    "id": "100",
                    "label": "mergedGridMarkupsNode-100",
                    "description": "Fixed",
                    "associatedNodeID": "",
                    "position": [10.1074, 10.6533, 14.5365],
                    "orientation": [-1.0, -0.0, -0.0, -0.0, -1.0, -0.0, 0.0, 0.0, 1.0],
                    "selected": true,
                    "locked": false,
                    "visibility": true,
                    "positionStatus": "defined"
                },
                {
                    "id": "101",
                    "label": "mergedGridMarkupsNode-101",
                    "description": "Fixed",
                    "associatedNodeID": "",
                    "position": [13.3546, 17.2097, 10.5473],
                    "orientation": [-1.0, -0.0, -0.0, -0.0, -1.0, -0.0, 0.0, 0.0, 1.0],
                    "selected": true,
                    "locked": false,
                    "visibility": true,
                    "positionStatus": "defined"
                },
                {
                    "id": "102",
                    "label": "mergedGridMarkupsNode-102",
                    "description": "Fixed",
                    "associatedNodeID": "",
                    "position": [9.94464, 15.1275, 12.876],
                    "orientation": [-1.0, -0.0, -0.0, -0.0, -1.0, -0.0, 0.0, 0.0, 1.0],
                    "selected": true,
                    "locked": false,
                    "visibility": true,
                    "positionStatus": "defined"
                },
                {
                    "id": "103",
                    "label": "mergedGridMarkupsNode-103",
                    "description": "Fixed",
                    "associatedNodeID": "",
                    "position": [16.2766, 15.1539, 5.78492],
                    "orientation": [-1.0, -0.0, -0.0, -0.0, -1.0, -0.0, 0.0, 0.0, 1.0],
                    "selected": true,
                    "locked": false,
                    "visibility": true,
                    "positionStatus": "defined"
                },
                {
                    "id": "104",
                    "label": "mergedGridMarkupsNode-104",
                    "description": "Fixed",
                    "associatedNodeID": "",
                    "position": [9.6119, 17.144, 9.22212],
                    "orientation": [-1.0, -0.0, -0.0, -0.0, -1.0, -0.0, 0.0, 0.0, 1.0],
                    "selected": true,
                    "locked": false,
                    "visibility": true,
                    "positionStatus": "defined"
                },
                {
                    "id": "105",
                    "label": "mergedGridMarkupsNode-105",
                    "description": "Fixed",
                    "associatedNodeID": "",
                    "position": [7.78505, 9.8409, 12.0593],
                    "orientation": [-1.0, -0.0, -0.0, -0.0, -1.0, -0.0, 0.0, 0.0, 1.0],
                    "selected": true,
                    "locked": false,
                    "visibility": true,
                    "positionStatus": "defined"
                },
                {
                    "id": "106",
                    "label": "mergedGridMarkupsNode-106",
                    "description": "Fixed",
                    "associatedNodeID": "",
                    "position": [10.1957, 18.1593, 3.44395],
                    "orientation": [-1.0, -0.0, -0.0, -0.0, -1.0, -0.0, 0.0, 0.0, 1.0],
                    "selected": true,
                    "locked": false,
                    "visibility": true,
                    "positionStatus": "defined"
                },
                {
                    "id": "107",
                    "label": "mergedGridMarkupsNode-107",
                    "description": "Fixed",
                    "associatedNodeID": "",
                    "position": [6.90645, 17.497, 6.48981],
                    "orientation": [-1.0, -0.0, -0.0, -0.0, -1.0, -0.0, 0.0, 0.0, 1.0],
                    "selected": true,
                    "locked": false,
                    "visibility": true,
                    "positionStatus": "defined"
                },
                {
                    "id": "108",
                    "label": "mergedGridMarkupsNode-108",
                    "description": "Fixed",
                    "associatedNodeID": "",
                    "position": [4.18771, 14.3226, 7.81687],
                    "orientation": [-1.0, -0.0, -0.0, -0.0, -1.0, -0.0, 0.0, 0.0, 1.0],
                    "selected": true,
                    "locked": false,
                    "visibility": true,
                    "positionStatus": "defined"
                },
                {
                    "id": "109",
                    "label": "mergedGridMarkupsNode-109",
                    "description": "Fixed",
                    "associatedNodeID": "",
                    "position": [9.20409, 17.8138, 2.43575],
                    "orientation": [-1.0, -0.0, -0.0, -0.0, -1.0, -0.0, 0.0, 0.0, 1.0],
                    "selected": true,
                    "locked": false,
                    "visibility": true,
                    "positionStatus": "defined"
                },
                {
                    "id": "110",
                    "label": "mergedGridMarkupsNode-110",
                    "description": "Fixed",
                    "associatedNodeID": "",
                    "position": [5.3984, 17.4913, 4.08442],
                    "orientation": [-1.0, -0.0, -0.0, -0.0, -1.0, -0.0, 0.0, 0.0, 1.0],
                    "selected": true,
                    "locked": false,
                    "visibility": true,
                    "positionStatus": "defined"
                },
                {
                    "id": "111",
                    "label": "mergedGridMarkupsNode-111",
                    "description": "Fixed",
                    "associatedNodeID": "",
                    "position": [3.70599, 14.4917, 6.40422],
                    "orientation": [-1.0, -0.0, -0.0, -0.0, -1.0, -0.0, 0.0, 0.0, 1.0],
                    "selected": true,
                    "locked": false,
                    "visibility": true,
                    "positionStatus": "defined"
                },
                {
                    "id": "112",
                    "label": "mergedGridMarkupsNode-112",
                    "description": "Fixed",
                    "associatedNodeID": "",
                    "position": [5.20188, 15.1378, 1.94292],
                    "orientation": [-1.0, -0.0, -0.0, -0.0, -1.0, -0.0, 0.0, 0.0, 1.0],
                    "selected": true,
                    "locked": false,
                    "visibility": true,
                    "positionStatus": "defined"
                },
                {
                    "id": "113",
                    "label": "mergedGridMarkupsNode-113",
                    "description": "Fixed",
                    "associatedNodeID": "",
                    "position": [4.62339, 10.9015, 6.78346],
                    "orientation": [-1.0, -0.0, -0.0, -0.0, -1.0, -0.0, 0.0, 0.0, 1.0],
                    "selected": true,
                    "locked": false,
                    "visibility": true,
                    "positionStatus": "defined"
                },
                {
                    "id": "114",
                    "label": "mergedGridMarkupsNode-114",
                    "description": "Fixed",
                    "associatedNodeID": "",
                    "position": [5.79327, 12.4185, 9.91997],
                    "orientation": [-1.0, -0.0, -0.0, -0.0, -1.0, -0.0, 0.0, 0.0, 1.0],
                    "selected": true,
                    "locked": false,
                    "visibility": true,
                    "positionStatus": "defined"
                },
                {
                    "id": "115",
                    "label": "mergedGridMarkupsNode-115",
                    "description": "Fixed",
                    "associatedNodeID": "",
                    "position": [6.21464, 11.4589, 8.93509],
                    "orientation": [-1.0, -0.0, -0.0, -0.0, -1.0, -0.0, 0.0, 0.0, 1.0],
                    "selected": true,
                    "locked": false,
                    "visibility": true,
                    "positionStatus": "defined"
                },
                {
                    "id": "116",
                    "label": "mergedGridMarkupsNode-116",
                    "description": "Fixed",
                    "associatedNodeID": "",
                    "position": [11.8482, 15.3949, 1.78983],
                    "orientation": [-1.0, -0.0, -0.0, -0.0, -1.0, -0.0, 0.0, 0.0, 1.0],
                    "selected": true,
                    "locked": false,
                    "visibility": true,
                    "positionStatus": "defined"
                },
                {
                    "id": "117",
                    "label": "mergedGridMarkupsNode-117",
                    "description": "Fixed",
                    "associatedNodeID": "",
                    "position": [13.2037, 16.8701, 4.69247],
                    "orientation": [-1.0, -0.0, -0.0, -0.0, -1.0, -0.0, 0.0, 0.0, 1.0],
                    "selected": true,
                    "locked": false,
                    "visibility": true,
                    "positionStatus": "defined"
                },
                {
                    "id": "118",
                    "label": "mergedGridMarkupsNode-118",
                    "description": "Fixed",
                    "associatedNodeID": "",
                    "position": [13.0182, 15.563, 4.26551],
                    "orientation": [-1.0, -0.0, -0.0, -0.0, -1.0, -0.0, 0.0, 0.0, 1.0],
                    "selected": true,
                    "locked": false,
                    "visibility": true,
                    "positionStatus": "defined"
                },
                {
                    "id": "119",
                    "label": "mergedGridMarkupsNode-119",
                    "description": "Fixed",
                    "associatedNodeID": "",
                    "position": [19.6032, 9.351, 16.9252],
                    "orientation": [-1.0, -0.0, -0.0, -0.0, -1.0, -0.0, 0.0, 0.0, 1.0],
                    "selected": true,
                    "locked": false,
                    "visibility": true,
                    "positionStatus": "defined"
                },
                {
                    "id": "120",
                    "label": "mergedGridMarkupsNode-120",
                    "description": "Fixed",
                    "associatedNodeID": "",
                    "position": [18.4504, 9.64828, 15.5301],
                    "orientation": [-1.0, -0.0, -0.0, -0.0, -1.0, -0.0, 0.0, 0.0, 1.0],
                    "selected": true,
                    "locked": false,
                    "visibility": true,
                    "positionStatus": "defined"
                },
                {
                    "id": "121",
                    "label": "mergedGridMarkupsNode-121",
                    "description": "Fixed",
                    "associatedNodeID": "",
                    "position": [17.6904, 9.73859, 15.1453],
                    "orientation": [-1.0, -0.0, -0.0, -0.0, -1.0, -0.0, 0.0, 0.0, 1.0],
                    "selected": true,
                    "locked": false,
                    "visibility": true,
                    "positionStatus": "defined"
                },
                {
                    "id": "122",
                    "label": "mergedGridMarkupsNode-122",
                    "description": "Fixed",
                    "associatedNodeID": "",
                    "position": [18.1326, 10.055, 14.7747],
                    "orientation": [-1.0, -0.0, -0.0, -0.0, -1.0, -0.0, 0.0, 0.0, 1.0],
                    "selected": true,
                    "locked": false,
                    "visibility": true,
                    "positionStatus": "defined"
                },
                {
                    "id": "123",
                    "label": "mergedGridMarkupsNode-123",
                    "description": "Fixed",
                    "associatedNodeID": "",
                    "position": [15.8687, 9.79384, 14.2604],
                    "orientation": [-1.0, -0.0, -0.0, -0.0, -1.0, -0.0, 0.0, 0.0, 1.0],
                    "selected": true,
                    "locked": false,
                    "visibility": true,
                    "positionStatus": "defined"
                },
                {
                    "id": "124",
                    "label": "mergedGridMarkupsNode-124",
                    "description": "Fixed",
                    "associatedNodeID": "",
                    "position": [17.5751, 10.7449, 13.098],
                    "orientation": [-1.0, -0.0, -0.0, -0.0, -1.0, -0.0, 0.0, 0.0, 1.0],
                    "selected": true,
                    "locked": false,
                    "visibility": true,
                    "positionStatus": "defined"
                },
                {
                    "id": "125",
                    "label": "mergedGridMarkupsNode-125",
                    "description": "Fixed",
                    "associatedNodeID": "",
                    "position": [14.5168, 9.75276, 14.3239],
                    "orientation": [-1.0, -0.0, -0.0, -0.0, -1.0, -0.0, 0.0, 0.0, 1.0],
                    "selected": true,
                    "locked": false,
                    "visibility": true,
                    "positionStatus": "defined"
                },
                {
                    "id": "126",
                    "label": "mergedGridMarkupsNode-126",
                    "description": "Fixed",
                    "associatedNodeID": "",
                    "position": [17.7019, 11.7486, 12.021],
                    "orientation": [-1.0, -0.0, -0.0, -0.0, -1.0, -0.0, 0.0, 0.0, 1.0],
                    "selected": true,
                    "locked": false,
                    "visibility": true,
                    "positionStatus": "defined"
                },
                {
                    "id": "127",
                    "label": "mergedGridMarkupsNode-127",
                    "description": "Fixed",
                    "associatedNodeID": "",
                    "position": [14.0249, 9.89316, 12.9757],
                    "orientation": [-1.0, -0.0, -0.0, -0.0, -1.0, -0.0, 0.0, 0.0, 1.0],
                    "selected": true,
                    "locked": false,
                    "visibility": true,
                    "positionStatus": "defined"
                },
                {
                    "id": "128",
                    "label": "mergedGridMarkupsNode-128",
                    "description": "Fixed",
                    "associatedNodeID": "",
                    "position": [16.5804, 11.5777, 11.1621],
                    "orientation": [-1.0, -0.0, -0.0, -0.0, -1.0, -0.0, 0.0, 0.0, 1.0],
                    "selected": true,
                    "locked": false,
                    "visibility": true,
                    "positionStatus": "defined"
                },
                {
                    "id": "129",
                    "label": "mergedGridMarkupsNode-129",
                    "description": "Fixed",
                    "associatedNodeID": "",
                    "position": [14.3881, 10.9381, 11.7335],
                    "orientation": [-1.0, -0.0, -0.0, -0.0, -1.0, -0.0, 0.0, 0.0, 1.0],
                    "selected": true,
                    "locked": false,
                    "visibility": true,
                    "positionStatus": "defined"
                },
                {
                    "id": "130",
                    "label": "mergedGridMarkupsNode-130",
                    "description": "Fixed",
                    "associatedNodeID": "",
                    "position": [14.9553, 11.3261, 11.2361],
                    "orientation": [-1.0, -0.0, -0.0, -0.0, -1.0, -0.0, 0.0, 0.0, 1.0],
                    "selected": true,
                    "locked": false,
                    "visibility": true,
                    "positionStatus": "defined"
                },
                {
                    "id": "131",
                    "label": "mergedGridMarkupsNode-131",
                    "description": "Fixed",
                    "associatedNodeID": "",
                    "position": [13.1454, 10.9369, 10.2895],
                    "orientation": [-1.0, -0.0, -0.0, -0.0, -1.0, -0.0, 0.0, 0.0, 1.0],
                    "selected": true,
                    "locked": false,
                    "visibility": true,
                    "positionStatus": "defined"
                },
                {
                    "id": "132",
                    "label": "mergedGridMarkupsNode-132",
                    "description": "Fixed",
                    "associatedNodeID": "",
                    "position": [14.0583, 11.4672, 9.79726],
                    "orientation": [-1.0, -0.0, -0.0, -0.0, -1.0, -0.0, 0.0, 0.0, 1.0],
                    "selected": true,
                    "locked": false,
                    "visibility": true,
                    "positionStatus": "defined"
                },
                {
                    "id": "133",
                    "label": "mergedGridMarkupsNode-133",
                    "description": "Fixed",
                    "associatedNodeID": "",
                    "position": [11.9998, 10.2088, 10.0194],
                    "orientation": [-1.0, -0.0, -0.0, -0.0, -1.0, -0.0, 0.0, 0.0, 1.0],
                    "selected": true,
                    "locked": false,
                    "visibility": true,
                    "positionStatus": "defined"
                },
                {
                    "id": "134",
                    "label": "mergedGridMarkupsNode-134",
                    "description": "Fixed",
                    "associatedNodeID": "",
                    "position": [14.3361, 11.7142, 8.37366],
                    "orientation": [-1.0, -0.0, -0.0, -0.0, -1.0, -0.0, 0.0, 0.0, 1.0],
                    "selected": true,
                    "locked": false,
                    "visibility": true,
                    "positionStatus": "defined"
                },
                {
                    "id": "135",
                    "label": "mergedGridMarkupsNode-135",
                    "description": "Fixed",
                    "associatedNodeID": "",
                    "position": [12.5379, 10.9028, 8.34362],
                    "orientation": [-1.0, -0.0, -0.0, -0.0, -1.0, -0.0, 0.0, 0.0, 1.0],
                    "selected": true,
                    "locked": false,
                    "visibility": true,
                    "positionStatus": "defined"
                },
                {
                    "id": "136",
                    "label": "mergedGridMarkupsNode-136",
                    "description": "Fixed",
                    "associatedNodeID": "",
                    "position": [11.9079, 11.82, 8.30884],
                    "orientation": [-1.0, -0.0, -0.0, -0.0, -1.0, -0.0, 0.0, 0.0, 1.0],
                    "selected": true,
                    "locked": false,
                    "visibility": true,
                    "positionStatus": "defined"
                },
                {
                    "id": "137",
                    "label": "mergedGridMarkupsNode-137",
                    "description": "Fixed",
                    "associatedNodeID": "",
                    "position": [9.15045, 11.2556, 5.41435],
                    "orientation": [-1.0, -0.0, -0.0, -0.0, -1.0, -0.0, 0.0, 0.0, 1.0],
                    "selected": true,
                    "locked": false,
                    "visibility": true,
                    "positionStatus": "defined"
                },
                {
                    "id": "138",
                    "label": "mergedGridMarkupsNode-138",
                    "description": "Fixed",
                    "associatedNodeID": "",
                    "position": [10.2304, 11.9291, 4.61271],
                    "orientation": [-1.0, -0.0, -0.0, -0.0, -1.0, -0.0, 0.0, 0.0, 1.0],
                    "selected": true,
                    "locked": false,
                    "visibility": true,
                    "positionStatus": "defined"
                },
                {
                    "id": "139",
                    "label": "mergedGridMarkupsNode-139",
                    "description": "Fixed",
                    "associatedNodeID": "",
                    "position": [5.53178, 11.4028, 3.37592],
                    "orientation": [-1.0, -0.0, -0.0, -0.0, -1.0, -0.0, 0.0, 0.0, 1.0],
                    "selected": true,
                    "locked": false,
                    "visibility": true,
                    "positionStatus": "defined"
                },
                {
                    "id": "140",
                    "label": "mergedGridMarkupsNode-140",
                    "description": "Fixed",
                    "associatedNodeID": "",
                    "position": [8.80056, 13.5259, 1.04062],
                    "orientation": [-1.0, -0.0, -0.0, -0.0, -1.0, -0.0, 0.0, 0.0, 1.0],
                    "selected": true,
                    "locked": false,
                    "visibility": true,
                    "positionStatus": "defined"
                },
                {
                    "id": "141",
                    "label": "mergedGridMarkupsNode-141",
                    "description": "Fixed",
                    "associatedNodeID": "",
                    "position": [7.4909, 11.9715, 2.11798],
                    "orientation": [-1.0, -0.0, -0.0, -0.0, -1.0, -0.0, 0.0, 0.0, 1.0],
                    "selected": true,
                    "locked": false,
                    "visibility": true,
                    "positionStatus": "defined"
                },
                {
                    "id": "142",
                    "label": "mergedGridMarkupsNode-142",
                    "description": "Fixed",
                    "associatedNodeID": "",
                    "position": [13.605, 15.0552, 13.4418],
                    "orientation": [-1.0, -0.0, -0.0, -0.0, -1.0, -0.0, 0.0, 0.0, 1.0],
                    "selected": true,
                    "locked": false,
                    "visibility": true,
                    "positionStatus": "defined"
                }
            ],
            "measurements": [],
            "display": {
                "visibility": true,
                "opacity": 1.0,
                "color": [0.4, 1.0, 1.0],
                "selectedColor": [1.0, 0.0, 1.0],
                "activeColor": [0.4, 1.0, 0.0],
                "propertiesLabelVisibility": false,
                "pointLabelsVisibility": true,
                "textScale": 0.0,
                "glyphType": "Sphere3D",
                "glyphScale": 3.0,
                "glyphSize": 5.0,
                "useGlyphScale": true,
                "sliceProjection": false,
                "sliceProjectionUseFiducialColor": true,
                "sliceProjectionOutlinedBehindSlicePlane": false,
                "sliceProjectionColor": [1.0, 1.0, 1.0],
                "sliceProjectionOpacity": 0.6,
                "lineThickness": 0.2,
                "lineColorFadingStart": 1.0,
                "lineColorFadingEnd": 10.0,
                "lineColorFadingSaturation": 1.0,
                "lineColorFadingHueOffset": 0.0,
                "handlesInteractive": false,
                "translationHandleVisibility": true,
                "rotationHandleVisibility": true,
                "scaleHandleVisibility": false,
                "interactionHandleScale": 3.0,
                "snapMode": "toVisibleSurface"
            }
        }
    ]
}